"","site","Date","Sample","Time.Code2","Alia.carinata","Amph.E..dorsal.teeth.","Amphithoe.spp.","Aoroides.columbiae","Balanus.spp.","Callianax.sp.","Caprella.spp.","Cirolana.harfordi","Copepod","Cyprideis.beaconensis","Eogammarus.confervicolus","Halacarid.mite","Haminoea.sp.","Idotea.resecata","Janua.pagastecheri","Lacuna.spp.","Leptochelia.dubia","Lirobittium.spp.","Lottia.pelta","Margarites.helicinus","Monocorophium.achersicum","Mytilus.trossulus","Nebalia.sp.","Nematode","Nemertea","Pagurus.quaylei","Pandalidae","Photis.brevipes","Phyllaplysia.taylori","Platynereis.bicanaliculata","Pontogeneia.rostrata","Pugettia.richii","Pycnogonum.sp.","Thick.nematode.","alpha.p","N","H","R2","dfAI","dfw","area.ha","area","salinity","shoot.density","epiphytes","fetch.meters","temp","Aggregation (I.m)","CI.lower","CI.upper","Proportion species with significant I.m","site.time","alpha","qD","qD.LCL","qD.UCL"
"1","CB","2012-05-26",1,"A",0,0,0,0,0,0,0,0,0,0,0,0,0,5,0,0,0,0,1,0,0,0,0,0,0,0,0,0,0,1,0,0,9,0,4,16,1.2099974554862,2.12782258064516,5.8,5.8,1.02,0.5,16.36666667,6.5,0.14,24845,19.2233333333333,"0.351069119095654","0.213624773164587","0.488513465026721","0.4375","CB.C","17",17.245,14.438,20.052
"2","CB","2012-05-26",2,"A",0,0,0,0,0,0,1,0,0,0,0,0,0,12,0,0,0,0,1,0,0,0,0,0,0,0,0,0,0,0,0,0,34,0,4,48,1.06921500232217,2.00986842105264,5.8,5.8,1.02,0.5,16.36666667,6.5,0.14,24845,19.2233333333333,"0.351069119095654","0.213624773164587","0.488513465026721","0.4375","CB.C","17",17.245,14.438,20.052
"3","CB","2012-05-26",3,"A",0,0,0,0,0,0,0,0,0,0,0,0,0,1,0,0,0,0,0,0,0,0,0,0,0,0,0,0,0,0,0,0,13,0,2,14,0.821806500831861,1.85714285714286,5.8,5.8,1.02,0.5,16.36666667,6.5,0.14,24845,19.2233333333333,"0.351069119095654","0.213624773164587","0.488513465026721","0.4375","CB.C","17",17.245,14.438,20.052
"4","CB","2012-05-26",5,"A",0,0,0,0,0,0,2,0,0,0,0,0,0,4,0,0,1,0,0,0,0,0,0,0,0,0,0,1,0,2,0,0,12,0,6,22,1.37192645350785,2.16596194503171,5.8,5.8,1.02,0.5,16.36666667,6.5,0.14,24845,19.2233333333333,"0.351069119095654","0.213624773164587","0.488513465026721","0.4375","CB.C","17",17.245,14.438,20.052
"5","CB","2012-05-26",6,"A",0,0,0,0,0,0,0,0,0,0,0,0,0,5,0,0,0,0,0,0,0,0,0,0,0,0,0,0,0,2,0,0,12,0,3,19,1.13240973012352,2.08380749170223,5.8,5.8,1.02,0.5,16.36666667,6.5,0.14,24845,19.2233333333333,"0.351069119095654","0.213624773164587","0.488513465026721","0.4375","CB.C","17",17.245,14.438,20.052
"6","CB","2012-05-26",7,"A",0,0,0,0,0,0,0,0,0,0,0,0,0,13,0,0,1,0,0,0,0,0,0,0,0,0,0,0,0,1,0,0,15,0,4,30,1.16099429366547,2.09284044418468,5.8,5.8,1.02,0.5,16.36666667,6.5,0.14,24845,19.2233333333333,"0.351069119095654","0.213624773164587","0.488513465026721","0.4375","CB.C","17",17.245,14.438,20.052
"7","CB","2012-05-26",8,"A",0,0,0,0,0,0,0,0,0,0,0,0,0,5,0,0,0,0,0,0,0,0,0,0,0,0,0,0,0,0,0,0,16,0,2,21,0.967584372802442,1.9808362369338,5.8,5.8,1.02,0.5,16.36666667,6.5,0.14,24845,19.2233333333333,"0.351069119095654","0.213624773164587","0.488513465026721","0.4375","CB.C","17",17.245,14.438,20.052
"8","CB","2012-05-26",9,"A",0,0,0,0,0,0,0,0,0,0,0,0,0,12,0,0,2,0,0,0,0,0,0,0,0,0,0,0,0,0,0,0,29,0,3,43,1.07541289854413,2.02903068204026,5.8,5.8,1.02,0.5,16.36666667,6.5,0.14,24845,19.2233333333333,"0.351069119095654","0.213624773164587","0.488513465026721","0.4375","CB.C","17",17.245,14.438,20.052
"9","CB","2012-05-26",10,"A",0,0,0,0,0,0,0,0,0,0,0,0,0,1,0,0,0,0,0,0,0,0,0,0,0,0,0,0,0,0,0,0,7,0,2,8,0.881532261188164,1.9375,5.8,5.8,1.02,0.5,16.36666667,6.5,0.14,24845,19.2233333333333,"0.351069119095654","0.213624773164587","0.488513465026721","0.4375","CB.C","17",17.245,14.438,20.052
"10","CB","2012-05-26",11,"A",0,0,0,0,0,0,7,0,0,0,0,0,0,8,0,0,1,0,0,0,0,0,0,0,0,0,0,0,0,4,0,0,14,0,5,34,1.38649092175157,2.19748184212627,5.8,5.8,1.02,0.5,16.36666667,6.5,0.14,24845,19.2233333333333,"0.351069119095654","0.213624773164587","0.488513465026721","0.4375","CB.C","17",17.245,14.438,20.052
"11","CB","2012-05-26",12,"A",0,0,0,0,0,0,5,0,2,0,0,0,0,7,1,1,2,0,0,0,0,1,0,0,0,0,0,0,0,1,0,0,14,0,9,34,1.55356344371492,2.22545693989943,5.8,5.8,1.02,0.5,16.36666667,6.5,0.14,24845,19.2233333333333,"0.351069119095654","0.213624773164587","0.488513465026721","0.4375","CB.C","17",17.245,14.438,20.052
"12","CB","2012-05-26",13,"A",0,0,2,0,0,0,6,0,4,0,2,1,0,8,0,0,0,0,0,0,1,0,0,0,0,0,0,0,0,0,1,0,7,0,9,32,1.65530847010178,2.27656970046083,5.8,5.8,1.02,0.5,16.36666667,6.5,0.14,24845,19.2233333333333,"0.351069119095654","0.213624773164587","0.488513465026721","0.4375","CB.C","17",17.245,14.438,20.052
"13","CB","2012-05-26",14,"A",0,0,0,0,0,2,6,0,1,0,0,0,0,13,3,0,0,0,0,0,0,0,0,0,0,0,0,1,0,0,1,0,15,0,8,42,1.49772267177275,2.2136770076823,5.8,5.8,1.02,0.5,16.36666667,6.5,0.14,24845,19.2233333333333,"0.351069119095654","0.213624773164587","0.488513465026721","0.4375","CB.C","17",17.245,14.438,20.052
"14","CB","2012-05-26",15,"A",0,0,1,0,0,0,1,0,0,0,0,2,0,9,0,0,0,0,0,0,0,0,0,0,0,0,0,0,0,0,0,0,9,0,5,22,1.30829711739429,2.16490486257928,5.8,5.8,1.02,0.5,16.36666667,6.5,0.14,24845,19.2233333333333,"0.351069119095654","0.213624773164587","0.488513465026721","0.4375","CB.C","17",17.245,14.438,20.052
"15","CB","2012-05-26",16,"A",0,0,1,0,0,0,0,0,0,0,0,2,0,8,2,0,2,0,1,0,0,0,0,0,0,0,0,0,0,0,0,0,14,0,7,30,1.43139223753416,2.18684979544126,5.8,5.8,1.02,0.5,16.36666667,6.5,0.14,24845,19.2233333333333,"0.351069119095654","0.213624773164587","0.488513465026721","0.4375","CB.C","17",17.245,14.438,20.052
"16","CB","2012-07-05",1,"C",0,0,0,2,0,0,0,0,0,1,0,2,0,16,0,0,11,0,0,0,0,57,0,44,0,0,0,0,0,1,0,0,0,0,8,134,1.38658528039424,2.16204217990892,5.8,5.8,1.02,0.5,16.36666667,6.5,0.14,24845,19.2233333333333,"0.351069119095654","0.213624773164587","0.488513465026721","0.4375","CB.C","17",17.245,14.438,20.052
"17","CB","2012-07-05",2,"C",0,0,0,0,0,0,1,0,0,0,0,0,0,5,0,0,2,0,0,0,0,32,0,0,0,0,0,3,0,0,0,0,0,0,5,43,1.1361557305127,2.00938049638461,5.8,5.8,1.02,0.5,16.36666667,6.5,0.14,24845,19.2233333333333,"0.351069119095654","0.213624773164587","0.488513465026721","0.4375","CB.C","17",17.245,14.438,20.052
"18","CB","2012-07-05",3,"C",0,0,0,3,0,0,10,0,1,0,0,14,0,3,0,0,5,0,0,0,0,81,0,24,0,0,0,0,0,0,0,0,0,0,8,141,1.37023921689956,2.12235665069391,5.8,5.8,1.02,0.5,16.36666667,6.5,0.14,24845,19.2233333333333,"0.351069119095654","0.213624773164587","0.488513465026721","0.4375","CB.C","17",17.245,14.438,20.052
"19","CB","2012-07-05",4,"C",0,0,0,4,0,0,0,0,1,11,0,42,0,9,0,0,43,0,0,0,0,87,0,89,0,0,0,1,0,0,1,0,0,3,11,291,1.50919455087174,2.20673268449013,5.8,5.8,1.02,0.5,16.36666667,6.5,0.14,24845,19.2233333333333,"0.351069119095654","0.213624773164587","0.488513465026721","0.4375","CB.C","17",17.245,14.438,20.052
"20","CB","2012-07-05",5,"C",0,0,0,3,0,0,0,0,0,0,0,5,0,4,0,0,1,0,0,0,1,132,0,15,0,0,0,0,0,0,0,0,0,0,7,161,1.05360460941681,1.93513271318278,5.8,5.8,1.02,0.5,16.36666667,6.5,0.14,24845,19.2233333333333,"0.351069119095654","0.213624773164587","0.488513465026721","0.4375","CB.C","17",17.245,14.438,20.052
"21","CB","2012-07-05",6,"C",0,0,0,1,0,0,0,0,0,0,0,0,0,2,0,0,1,0,0,0,0,86,0,1,0,0,0,2,0,0,0,0,0,1,7,94,0.883963345552866,1.83556173043838,5.8,5.8,1.02,0.5,16.36666667,6.5,0.14,24845,19.2233333333333,"0.351069119095654","0.213624773164587","0.488513465026721","0.4375","CB.C","17",17.245,14.438,20.052
"22","CB","2012-07-05",7,"C",0,0,0,4,0,0,0,0,0,0,0,0,0,4,0,2,40,0,0,0,3,97,0,8,0,0,0,1,0,0,1,0,0,0,9,160,1.28163983339902,2.08316544182882,5.8,5.8,1.02,0.5,16.36666667,6.5,0.14,24845,19.2233333333333,"0.351069119095654","0.213624773164587","0.488513465026721","0.4375","CB.C","17",17.245,14.438,20.052
"23","CB","2012-07-05",8,"C",0,0,0,1,0,0,1,0,0,0,0,0,0,1,0,0,1,0,1,0,0,21,0,0,0,0,0,0,0,0,0,0,0,0,6,26,1.09267677279777,1.96742081447964,5.8,5.8,1.02,0.5,16.36666667,6.5,0.14,24845,19.2233333333333,"0.351069119095654","0.213624773164587","0.488513465026721","0.4375","CB.C","17",17.245,14.438,20.052
"24","CB","2012-07-05",9,"C",0,0,0,0,0,0,0,0,0,7,0,5,0,2,0,0,7,0,0,0,0,13,0,5,0,0,0,0,0,0,0,0,0,0,6,39,1.52405932132688,2.24395341500604,5.8,5.8,1.02,0.5,16.36666667,6.5,0.14,24845,19.2233333333333,"0.351069119095654","0.213624773164587","0.488513465026721","0.4375","CB.C","17",17.245,14.438,20.052
"25","CB","2012-07-05",10,"C",0,0,0,0,0,0,0,0,0,0,0,0,0,0,0,0,4,0,0,0,0,8,0,0,0,0,0,0,0,0,0,0,0,0,2,12,1.01140426470735,2.05138339920949,5.8,5.8,1.02,0.5,16.36666667,6.5,0.14,24845,19.2233333333333,"0.351069119095654","0.213624773164587","0.488513465026721","0.4375","CB.C","17",17.245,14.438,20.052
"26","CB","2012-07-05",11,"C",0,0,0,1,0,0,0,0,0,0,0,4,0,0,0,1,8,0,0,0,1,64,0,2,0,0,0,0,0,0,0,0,1,1,9,83,1.12716188649952,1.97243072653817,5.8,5.8,1.02,0.5,16.36666667,6.5,0.14,24845,19.2233333333333,"0.351069119095654","0.213624773164587","0.488513465026721","0.4375","CB.C","17",17.245,14.438,20.052
"27","CB","2012-07-05",12,"C",0,0,0,0,0,0,2,0,0,0,0,1,0,6,0,0,1,0,0,0,0,90,0,55,0,0,0,2,0,1,0,0,0,0,8,158,1.20257969373445,2.07183573098674,5.8,5.8,1.02,0.5,16.36666667,6.5,0.14,24845,19.2233333333333,"0.351069119095654","0.213624773164587","0.488513465026721","0.4375","CB.C","17",17.245,14.438,20.052
"28","CB","2012-07-05",13,"C",0,0,0,1,0,0,1,0,0,1,0,4,0,1,0,0,12,0,0,0,0,189,0,33,0,0,0,0,0,0,0,0,1,1,10,244,1.09021886725478,1.96605195696483,5.8,5.8,1.02,0.5,16.36666667,6.5,0.14,24845,19.2233333333333,"0.351069119095654","0.213624773164587","0.488513465026721","0.4375","CB.C","17",17.245,14.438,20.052
"29","CB","2012-07-05",14,"C",0,0,0,2,0,0,2,0,0,0,0,0,0,1,0,0,0,0,0,0,0,89,0,45,0,0,0,0,0,0,0,0,0,0,5,139,1.09721494688045,2.0300075431728,5.8,5.8,1.02,0.5,16.36666667,6.5,0.14,24845,19.2233333333333,"0.351069119095654","0.213624773164587","0.488513465026721","0.4375","CB.C","17",17.245,14.438,20.052
"30","CB","2012-07-05",15,"C",0,0,0,0,0,0,1,0,0,0,0,3,0,4,0,0,12,0,0,0,0,108,0,16,0,0,0,0,0,0,1,0,1,0,8,146,1.16888375787578,2.00442685379525,5.8,5.8,1.02,0.5,16.36666667,6.5,0.14,24845,19.2233333333333,"0.351069119095654","0.213624773164587","0.488513465026721","0.4375","CB.C","17",17.245,14.438,20.052
"31","CB","2012-07-05",16,"C",0,0,0,0,0,0,0,0,0,0,0,2,0,6,0,0,4,0,0,0,0,91,0,10,0,0,0,2,0,0,0,0,0,0,6,115,1.09786372732826,1.9631718845243,5.8,5.8,1.02,0.5,16.36666667,6.5,0.14,24845,19.2233333333333,"0.351069119095654","0.213624773164587","0.488513465026721","0.4375","CB.C","17",17.245,14.438,20.052
"32","CB","2012-08-11",1,"E",0,0,0,0,0,0,3,0,0,0,0,0,0,0,0,0,51,2,0,0,0,36,0,0,2,0,0,3,0,15,0,0,13,0,8,125,1.45586746452653,2.18563933151962,5.8,5.8,1.02,0.5,16.36666667,6.5,0.14,24845,19.2233333333333,"0.351069119095654","0.213624773164587","0.488513465026721","0.4375","CB.C","17",17.245,14.438,20.052
"33","CB","2012-08-11",3,"E",0,0,0,0,1,0,3,0,0,0,0,1,0,1,0,1,16,0,1,0,1,21,0,11,0,0,1,2,0,2,0,0,5,0,14,67,1.68512890891793,2.24842380714342,5.8,5.8,1.02,0.5,16.36666667,6.5,0.14,24845,19.2233333333333,"0.351069119095654","0.213624773164587","0.488513465026721","0.4375","CB.C","17",17.245,14.438,20.052
"34","CB","2012-08-11",4,"E",0,0,0,4,2,1,11,0,0,0,0,1,0,4,0,4,121,3,2,0,43,129,0,1,0,0,0,3,0,30,4,0,10,0,17,373,1.57361245771773,2.20161795288957,5.8,5.8,1.02,0.5,16.36666667,6.5,0.14,24845,19.2233333333333,"0.351069119095654","0.213624773164587","0.488513465026721","0.4375","CB.C","17",17.245,14.438,20.052
"35","CB","2012-08-11",5,"E",0,0,0,0,0,0,1,0,0,0,0,0,0,4,0,0,18,0,0,0,1,60,0,6,0,0,0,11,0,1,0,0,0,1,9,103,1.33404884048602,2.10942745474977,5.8,5.8,1.02,0.5,16.36666667,6.5,0.14,24845,19.2233333333333,"0.351069119095654","0.213624773164587","0.488513465026721","0.4375","CB.C","17",17.245,14.438,20.052
"36","CB","2012-08-11",6,"E",0,0,0,1,0,0,21,0,1,0,0,9,0,11,0,1,27,0,0,0,7,40,0,1,0,0,0,14,0,15,0,0,34,0,13,182,1.76296701188088,2.27834094584466,5.8,5.8,1.02,0.5,16.36666667,6.5,0.14,24845,19.2233333333333,"0.351069119095654","0.213624773164587","0.488513465026721","0.4375","CB.C","17",17.245,14.438,20.052
"37","CB","2012-08-11",7,"E",0,0,0,0,0,0,8,0,0,0,0,1,0,1,0,0,3,0,0,0,0,10,0,0,1,0,0,3,0,0,0,0,7,0,8,34,1.57582114818016,2.25315268576902,5.8,5.8,1.02,0.5,16.36666667,6.5,0.14,24845,19.2233333333333,"0.351069119095654","0.213624773164587","0.488513465026721","0.4375","CB.C","17",17.245,14.438,20.052
"38","CB","2012-08-11",8,"E",0,0,0,1,0,0,0,0,1,0,0,0,0,3,0,1,3,0,0,0,2,29,0,0,0,0,0,6,0,5,0,0,11,0,10,62,1.54055194129977,2.19652461596006,5.8,5.8,1.02,0.5,16.36666667,6.5,0.14,24845,19.2233333333333,"0.351069119095654","0.213624773164587","0.488513465026721","0.4375","CB.C","17",17.245,14.438,20.052
"39","CB","2012-08-11",9,"E",0,0,0,2,0,0,2,0,1,0,0,0,1,4,0,2,29,5,0,0,6,99,1,0,0,0,0,4,0,2,0,0,0,0,13,158,1.3636797510484,2.08765985955778,5.8,5.8,1.02,0.5,16.36666667,6.5,0.14,24845,19.2233333333333,"0.351069119095654","0.213624773164587","0.488513465026721","0.4375","CB.C","17",17.245,14.438,20.052
"40","CB","2012-08-11",10,"E",0,0,0,0,0,0,0,0,0,0,0,0,0,4,0,0,7,0,0,0,1,22,0,0,0,0,0,5,0,0,0,0,0,0,5,39,1.30420143921553,2.13302486986697,5.8,5.8,1.02,0.5,16.36666667,6.5,0.14,24845,19.2233333333333,"0.351069119095654","0.213624773164587","0.488513465026721","0.4375","CB.C","17",17.245,14.438,20.052
"41","CB","2012-08-11",11,"E",0,0,0,0,0,0,0,0,0,5,0,2,0,6,0,0,3,0,0,0,0,26,0,40,0,0,0,1,0,2,0,0,1,0,9,86,1.42536815357682,2.16066791465666,5.8,5.8,1.02,0.5,16.36666667,6.5,0.14,24845,19.2233333333333,"0.351069119095654","0.213624773164587","0.488513465026721","0.4375","CB.C","17",17.245,14.438,20.052
"42","CB","2012-08-11",12,"E",0,0,0,0,0,0,1,0,0,0,0,0,0,3,0,0,1,0,0,0,0,2,0,0,0,0,0,4,0,0,0,0,1,0,6,12,1.50946264413712,2.2850790513834,5.8,5.8,1.02,0.5,16.36666667,6.5,0.14,24845,19.2233333333333,"0.351069119095654","0.213624773164587","0.488513465026721","0.4375","CB.C","17",17.245,14.438,20.052
"43","CB","2012-08-11",13,"E",0,0,0,2,0,0,3,0,3,6,0,7,0,7,0,0,33,2,0,0,1,92,0,123,0,0,0,8,0,6,0,0,3,0,14,296,1.50905754674408,2.17682978297928,5.8,5.8,1.02,0.5,16.36666667,6.5,0.14,24845,19.2233333333333,"0.351069119095654","0.213624773164587","0.488513465026721","0.4375","CB.C","17",17.245,14.438,20.052
"44","CB","2012-08-11",14,"E",0,0,0,2,0,0,20,0,11,8,0,5,0,5,0,0,6,0,0,0,0,14,0,2,2,0,0,1,0,4,0,0,23,0,13,103,1.80401074334548,2.28538047944732,5.8,5.8,1.02,0.5,16.36666667,6.5,0.14,24845,19.2233333333333,"0.351069119095654","0.213624773164587","0.488513465026721","0.4375","CB.C","17",17.245,14.438,20.052
"45","CB","2012-08-11",15,"E",0,0,0,0,0,0,2,0,0,0,0,0,0,4,0,1,5,0,0,0,1,38,0,16,0,0,0,4,0,0,0,0,2,0,9,73,1.43769315593682,2.15527082349236,5.8,5.8,1.02,0.5,16.36666667,6.5,0.14,24845,19.2233333333333,"0.351069119095654","0.213624773164587","0.488513465026721","0.4375","CB.C","17",17.245,14.438,20.052
"46","CB","2012-08-11",16,"E",0,0,0,0,0,0,0,0,0,0,0,0,0,3,0,0,7,0,0,0,0,21,0,54,0,0,0,6,0,0,0,0,1,0,6,92,1.28552041239195,2.10333234121545,5.8,5.8,1.02,0.5,16.36666667,6.5,0.14,24845,19.2233333333333,"0.351069119095654","0.213624773164587","0.488513465026721","0.4375","CB.C","17",17.245,14.438,20.052
"47","DC","2012-05-28",1,"A",0,0,0,8,0,0,5,0,0,0,0,0,0,0,0,0,0,0,0,0,0,0,0,0,0,0,0,0,3,0,0,0,0,0,3,16,1.20511158037941,2.15262096774193,24.4,14.4,4.34,2.3,24.86666667,14.75,0.28,32046,13.7064516129032,"0.438751899699304","0.344283533717326","0.533220265681283","0.666666666666667","DC.C","16",16.432,13.683,19.182
"48","DC","2012-05-28",2,"A",0,0,0,0,0,0,63,0,0,0,1,0,0,1,0,0,1,0,0,0,0,0,0,0,0,0,0,0,5,0,0,1,0,0,6,72,0.962975536423271,1.88715773662955,24.4,14.4,4.34,2.3,24.86666667,14.75,0.28,32046,13.7064516129032,"0.438751899699304","0.344283533717326","0.533220265681283","0.666666666666667","DC.C","16",16.432,13.683,19.182
"49","DC","2012-05-28",3,"A",0,0,0,41,0,0,95,0,0,0,0,0,0,6,0,0,2,0,0,0,0,0,0,0,0,1,0,0,4,0,0,0,0,0,6,149,1.17311768904309,2.05063811523544,24.4,14.4,4.34,2.3,24.86666667,14.75,0.28,32046,13.7064516129032,"0.438751899699304","0.344283533717326","0.533220265681283","0.666666666666667","DC.C","16",16.432,13.683,19.182
"50","DC","2012-05-28",4,"A",0,0,0,7,0,0,26,0,0,0,0,0,0,1,0,0,0,0,0,0,3,0,0,0,0,0,0,2,2,4,0,0,0,0,7,45,1.37486193583767,2.13426966292136,24.4,14.4,4.34,2.3,24.86666667,14.75,0.28,32046,13.7064516129032,"0.438751899699304","0.344283533717326","0.533220265681283","0.666666666666667","DC.C","16",16.432,13.683,19.182
"51","DC","2012-05-28",5,"A",0,0,1,38,0,0,38,0,1,0,0,0,0,3,0,2,0,0,0,0,0,0,0,0,0,0,0,1,0,2,2,1,0,0,10,89,1.34245824133293,2.12647482730562,24.4,14.4,4.34,2.3,24.86666667,14.75,0.28,32046,13.7064516129032,"0.438751899699304","0.344283533717326","0.533220265681283","0.666666666666667","DC.C","16",16.432,13.683,19.182
"52","DC","2012-05-28",6,"A",0,0,0,14,0,0,16,0,0,0,0,0,0,14,0,1,0,0,0,0,6,0,0,0,0,0,0,5,2,0,0,0,0,0,7,58,1.52992846580106,2.23593466424684,24.4,14.4,4.34,2.3,24.86666667,14.75,0.28,32046,13.7064516129032,"0.438751899699304","0.344283533717326","0.533220265681283","0.666666666666667","DC.C","16",16.432,13.683,19.182
"53","DC","2012-05-28",7,"A",0,0,5,21,0,0,23,0,0,0,0,0,0,0,0,0,0,0,0,0,0,0,0,0,0,0,0,0,1,0,0,0,0,0,4,50,1.20817340606669,2.11136054421768,24.4,14.4,4.34,2.3,24.86666667,14.75,0.28,32046,13.7064516129032,"0.438751899699304","0.344283533717326","0.533220265681283","0.666666666666667","DC.C","16",16.432,13.683,19.182
"54","DC","2012-05-28",8,"A",0,0,0,5,0,0,50,0,0,0,2,0,0,1,0,2,0,0,0,0,0,0,0,0,0,0,0,3,4,0,0,0,0,0,7,67,1.18906108080542,2.00836555432002,24.4,14.4,4.34,2.3,24.86666667,14.75,0.28,32046,13.7064516129032,"0.438751899699304","0.344283533717326","0.533220265681283","0.666666666666667","DC.C","16",16.432,13.683,19.182
"55","DC","2012-05-28",9,"A",0,0,0,19,0,0,55,0,0,0,4,0,0,0,0,1,0,0,0,0,1,0,0,0,0,0,0,0,2,0,2,0,0,0,7,84,1.21411848498953,2.05643789872925,24.4,14.4,4.34,2.3,24.86666667,14.75,0.28,32046,13.7064516129032,"0.438751899699304","0.344283533717326","0.533220265681283","0.666666666666667","DC.C","16",16.432,13.683,19.182
"56","DC","2012-05-28",10,"A",0,0,0,20,0,0,36,0,0,0,1,0,0,0,0,2,0,0,0,0,4,0,0,0,0,0,0,2,1,0,1,0,0,0,8,67,1.32355995725379,2.12019108150297,24.4,14.4,4.34,2.3,24.86666667,14.75,0.28,32046,13.7064516129032,"0.438751899699304","0.344283533717326","0.533220265681283","0.666666666666667","DC.C","16",16.432,13.683,19.182
"57","DC","2012-05-28",11,"A",0,0,0,6,0,0,34,0,0,0,0,0,0,3,0,0,0,0,0,0,1,0,0,0,0,0,0,2,0,2,0,0,0,0,6,48,1.2046306001747,2.03873880179173,24.4,14.4,4.34,2.3,24.86666667,14.75,0.28,32046,13.7064516129032,"0.438751899699304","0.344283533717326","0.533220265681283","0.666666666666667","DC.C","16",16.432,13.683,19.182
"58","DC","2012-05-28",12,"A",0,0,0,27,0,0,40,0,0,0,2,0,0,1,0,0,0,0,0,0,3,0,0,0,0,0,0,1,3,6,2,0,0,0,9,85,1.40472226282692,2.15216175227485,24.4,14.4,4.34,2.3,24.86666667,14.75,0.28,32046,13.7064516129032,"0.438751899699304","0.344283533717326","0.533220265681283","0.666666666666667","DC.C","16",16.432,13.683,19.182
"59","DC","2012-05-28",13,"A",0,0,0,14,0,0,53,0,0,0,0,0,0,0,0,0,0,0,0,0,1,0,0,0,0,0,0,0,0,1,0,0,0,0,4,69,1.01764772247542,1.96705060951705,24.4,14.4,4.34,2.3,24.86666667,14.75,0.28,32046,13.7064516129032,"0.438751899699304","0.344283533717326","0.533220265681283","0.666666666666667","DC.C","16",16.432,13.683,19.182
"60","DC","2012-05-28",14,"A",0,0,0,19,0,0,23,0,0,0,1,0,0,2,0,0,0,0,0,0,2,0,0,0,0,0,0,11,0,0,1,0,0,0,7,59,1.39962654409285,2.18004915404094,24.4,14.4,4.34,2.3,24.86666667,14.75,0.28,32046,13.7064516129032,"0.438751899699304","0.344283533717326","0.533220265681283","0.666666666666667","DC.C","16",16.432,13.683,19.182
"61","DC","2012-05-28",15,"A",0,0,0,15,0,0,29,0,0,0,0,0,0,1,0,0,0,0,0,0,2,0,0,0,0,0,0,2,0,3,1,0,0,0,7,53,1.3165878762569,2.12170848019906,24.4,14.4,4.34,2.3,24.86666667,14.75,0.28,32046,13.7064516129032,"0.438751899699304","0.344283533717326","0.533220265681283","0.666666666666667","DC.C","16",16.432,13.683,19.182
"62","DC","2012-05-28",16,"A",0,0,0,10,0,0,36,0,0,0,2,0,0,2,0,2,0,0,0,0,1,0,0,0,0,0,0,2,4,0,1,0,0,0,9,60,1.38096206497667,2.11620139581258,24.4,14.4,4.34,2.3,24.86666667,14.75,0.28,32046,13.7064516129032,"0.438751899699304","0.344283533717326","0.533220265681283","0.666666666666667","DC.C","16",16.432,13.683,19.182
"63","DC","2012-06-27",1,"C",0,0,0,15,0,0,61,0,0,0,1,0,0,0,0,4,6,0,0,0,4,0,0,0,0,0,0,32,0,0,1,0,0,0,8,124,1.39309232092285,2.15225546845387,24.4,14.4,4.34,2.3,24.86666667,14.75,0.28,32046,13.7064516129032,"0.438751899699304","0.344283533717326","0.533220265681283","0.666666666666667","DC.C","16",16.432,13.683,19.182
"64","DC","2012-06-27",2,"C",0,0,0,6,0,0,216,0,0,0,0,0,0,5,0,0,1,0,0,0,9,0,0,0,0,0,0,24,0,1,1,0,0,0,8,263,1.05354701877488,1.93265230894263,24.4,14.4,4.34,2.3,24.86666667,14.75,0.28,32046,13.7064516129032,"0.438751899699304","0.344283533717326","0.533220265681283","0.666666666666667","DC.C","16",16.432,13.683,19.182
"65","DC","2012-06-27",3,"C",0,0,0,7,0,0,123,0,0,0,0,0,0,0,0,1,0,0,0,0,1,0,0,0,0,0,0,5,0,2,0,0,0,0,6,139,0.948321087134338,1.87470061621397,24.4,14.4,4.34,2.3,24.86666667,14.75,0.28,32046,13.7064516129032,"0.438751899699304","0.344283533717326","0.533220265681283","0.666666666666667","DC.C","16",16.432,13.683,19.182
"66","DC","2012-06-27",4,"C",0,0,0,13,0,0,188,0,0,0,0,0,0,2,0,0,0,0,0,0,0,0,0,0,0,0,0,7,2,1,0,0,0,0,6,213,0.946118638004664,1.87520712510355,24.4,14.4,4.34,2.3,24.86666667,14.75,0.28,32046,13.7064516129032,"0.438751899699304","0.344283533717326","0.533220265681283","0.666666666666667","DC.C","16",16.432,13.683,19.182
"67","DC","2012-06-27",5,"C",0,0,0,19,0,0,196,0,0,0,0,0,0,0,0,2,0,0,0,0,0,0,0,0,0,0,0,6,0,0,1,0,0,0,5,224,0.937828097135162,1.88075337558956,24.4,14.4,4.34,2.3,24.86666667,14.75,0.28,32046,13.7064516129032,"0.438751899699304","0.344283533717326","0.533220265681283","0.666666666666667","DC.C","16",16.432,13.683,19.182
"68","DC","2012-06-27",6,"C",0,3,0,24,0,0,270,0,0,0,0,0,0,3,0,0,0,0,0,0,1,1,0,0,0,0,0,11,1,2,2,0,0,0,10,318,1.02136103026302,1.90710735253388,24.4,14.4,4.34,2.3,24.86666667,14.75,0.28,32046,13.7064516129032,"0.438751899699304","0.344283533717326","0.533220265681283","0.666666666666667","DC.C","16",16.432,13.683,19.182
"69","DC","2012-06-27",7,"C",0,0,0,55,0,0,859,0,1,0,0,0,0,3,0,1,3,0,0,0,0,2,0,0,0,0,0,24,2,4,0,1,0,0,11,955,0.922541300538876,1.85668663340334,24.4,14.4,4.34,2.3,24.86666667,14.75,0.28,32046,13.7064516129032,"0.438751899699304","0.344283533717326","0.533220265681283","0.666666666666667","DC.C","16",16.432,13.683,19.182
"70","DC","2012-06-27",8,"C",0,0,0,26,0,0,358,0,0,0,0,0,0,5,0,0,0,0,0,0,2,0,0,0,0,0,0,11,0,2,1,0,0,0,7,405,0.945537695094448,1.87272607668678,24.4,14.4,4.34,2.3,24.86666667,14.75,0.28,32046,13.7064516129032,"0.438751899699304","0.344283533717326","0.533220265681283","0.666666666666667","DC.C","16",16.432,13.683,19.182
"71","DC","2012-06-27",9,"C",0,0,0,9,0,0,653,0,0,0,0,0,0,0,0,0,0,0,0,0,0,0,0,0,0,0,0,13,0,0,5,0,0,0,4,680,0.797107978304797,1.79423083837208,24.4,14.4,4.34,2.3,24.86666667,14.75,0.28,32046,13.7064516129032,"0.438751899699304","0.344283533717326","0.533220265681283","0.666666666666667","DC.C","16",16.432,13.683,19.182
"72","DC","2012-06-27",10,"C",0,0,0,20,0,0,319,0,0,0,1,0,0,5,0,0,2,0,0,0,0,0,0,0,0,0,0,9,0,4,0,0,0,0,7,360,0.95041546041941,1.8713750043584,24.4,14.4,4.34,2.3,24.86666667,14.75,0.28,32046,13.7064516129032,"0.438751899699304","0.344283533717326","0.533220265681283","0.666666666666667","DC.C","16",16.432,13.683,19.182
"73","DC","2012-06-27",11,"C",0,2,0,41,0,0,592,0,0,0,0,0,0,2,0,2,0,0,0,0,1,0,0,0,0,0,0,1,0,0,0,2,0,0,8,643,0.864915063650227,1.83445185932679,24.4,14.4,4.34,2.3,24.86666667,14.75,0.28,32046,13.7064516129032,"0.438751899699304","0.344283533717326","0.533220265681283","0.666666666666667","DC.C","16",16.432,13.683,19.182
"74","DC","2012-06-27",12,"C",0,0,0,22,0,0,492,0,0,0,0,0,0,7,0,0,0,0,0,0,0,6,0,0,0,0,0,5,0,8,0,0,0,0,6,540,0.906793683447936,1.84610982343339,24.4,14.4,4.34,2.3,24.86666667,14.75,0.28,32046,13.7064516129032,"0.438751899699304","0.344283533717326","0.533220265681283","0.666666666666667","DC.C","16",16.432,13.683,19.182
"75","DC","2012-06-27",13,"C",0,0,0,24,0,0,566,0,0,0,0,0,0,0,0,1,1,0,0,0,0,0,0,0,0,0,0,5,0,0,0,0,0,0,5,597,0.81375839240405,1.80683507774419,24.4,14.4,4.34,2.3,24.86666667,14.75,0.28,32046,13.7064516129032,"0.438751899699304","0.344283533717326","0.533220265681283","0.666666666666667","DC.C","16",16.432,13.683,19.182
"76","DC","2012-06-27",14,"C",0,0,0,17,0,0,431,0,0,0,0,0,0,0,0,0,0,0,0,0,0,0,0,0,0,0,0,2,0,0,0,0,0,0,3,450,0.787722629670138,1.79666286800562,24.4,14.4,4.34,2.3,24.86666667,14.75,0.28,32046,13.7064516129032,"0.438751899699304","0.344283533717326","0.533220265681283","0.666666666666667","DC.C","16",16.432,13.683,19.182
"77","DC","2012-06-27",15,"C",0,0,0,29,0,0,1437,1,2,0,0,0,0,6,0,2,3,0,0,0,0,1,0,0,0,0,0,12,1,0,0,0,0,0,10,1494,0.802997989053504,1.79229470332893,24.4,14.4,4.34,2.3,24.86666667,14.75,0.28,32046,13.7064516129032,"0.438751899699304","0.344283533717326","0.533220265681283","0.666666666666667","DC.C","16",16.432,13.683,19.182
"78","DC","2012-06-27",16,"C",0,0,0,19,0,0,826,0,0,0,0,0,0,0,0,0,0,0,0,0,0,0,0,0,0,0,0,1,0,0,3,1,0,0,5,850,0.7674433197736,1.78155015072996,24.4,14.4,4.34,2.3,24.86666667,14.75,0.28,32046,13.7064516129032,"0.438751899699304","0.344283533717326","0.533220265681283","0.666666666666667","DC.C","16",16.432,13.683,19.182
"79","DC","2012-08-03",1,"E",0,0,0,8,0,0,198,0,0,0,0,0,0,12,0,0,0,0,0,0,3,0,0,0,0,0,0,1,381,5,0,0,0,0,7,608,1.12760890397735,2.03654561641689,24.4,14.4,4.34,2.3,24.86666667,14.75,0.28,32046,13.7064516129032,"0.438751899699304","0.344283533717326","0.533220265681283","0.666666666666667","DC.C","16",16.432,13.683,19.182
"80","DC","2012-08-03",2,"E",0,0,0,18,0,0,323,0,0,0,1,0,0,6,0,0,0,0,0,0,8,1,0,0,0,0,0,8,479,12,0,1,0,0,10,857,1.18288044587833,2.06278041732867,24.4,14.4,4.34,2.3,24.86666667,14.75,0.28,32046,13.7064516129032,"0.438751899699304","0.344283533717326","0.533220265681283","0.666666666666667","DC.C","16",16.432,13.683,19.182
"81","DC","2012-08-03",3,"E",0,0,1,20,0,0,302,0,0,0,0,0,0,7,0,0,0,0,0,0,14,0,0,0,0,0,0,13,361,6,0,1,0,0,9,725,1.22415602881706,2.08307426200081,24.4,14.4,4.34,2.3,24.86666667,14.75,0.28,32046,13.7064516129032,"0.438751899699304","0.344283533717326","0.533220265681283","0.666666666666667","DC.C","16",16.432,13.683,19.182
"82","DC","2012-08-03",4,"E",0,0,0,2,0,0,140,0,1,0,0,0,0,5,0,0,0,0,0,0,11,0,0,0,0,0,0,4,245,5,0,0,1,0,9,414,1.18308391182105,2.05800777136899,24.4,14.4,4.34,2.3,24.86666667,14.75,0.28,32046,13.7064516129032,"0.438751899699304","0.344283533717326","0.533220265681283","0.666666666666667","DC.C","16",16.432,13.683,19.182
"83","DC","2012-08-03",5,"E",0,0,0,5,0,0,171,0,0,0,0,0,0,1,0,0,0,0,0,0,8,0,0,0,0,0,0,12,336,2,0,1,0,0,8,536,1.13963430403958,2.03932768322843,24.4,14.4,4.34,2.3,24.86666667,14.75,0.28,32046,13.7064516129032,"0.438751899699304","0.344283533717326","0.533220265681283","0.666666666666667","DC.C","16",16.432,13.683,19.182
"84","DC","2012-08-03",6,"E",0,0,0,27,0,0,176,0,0,0,0,0,0,3,0,0,0,0,0,1,0,0,0,0,0,0,0,1,1002,4,0,0,0,0,7,1214,0.977343246671391,1.91901631375025,24.4,14.4,4.34,2.3,24.86666667,14.75,0.28,32046,13.7064516129032,"0.438751899699304","0.344283533717326","0.533220265681283","0.666666666666667","DC.C","16",16.432,13.683,19.182
"85","DC","2012-08-03",7,"E",0,0,0,50,1,0,445,0,0,0,0,0,0,3,0,0,0,0,0,0,0,2,0,0,0,0,0,1,635,7,0,0,0,0,8,1144,1.14366107841672,2.05827108815389,24.4,14.4,4.34,2.3,24.86666667,14.75,0.28,32046,13.7064516129032,"0.438751899699304","0.344283533717326","0.533220265681283","0.666666666666667","DC.C","16",16.432,13.683,19.182
"86","DC","2012-08-03",8,"E",0,0,0,48,0,0,604,0,1,0,0,0,0,8,0,0,3,0,0,3,5,4,0,0,0,0,0,2,865,15,0,0,0,0,11,1558,1.16520764550121,2.0593622294973,24.4,14.4,4.34,2.3,24.86666667,14.75,0.28,32046,13.7064516129032,"0.438751899699304","0.344283533717326","0.533220265681283","0.666666666666667","DC.C","16",16.432,13.683,19.182
"87","DC","2012-08-03",9,"E",0,0,0,46,0,0,414,0,2,0,0,0,0,6,0,0,2,0,0,1,9,1,0,1,0,0,0,0,639,8,0,1,0,0,12,1130,1.17776254667133,2.06246614691909,24.4,14.4,4.34,2.3,24.86666667,14.75,0.28,32046,13.7064516129032,"0.438751899699304","0.344283533717326","0.533220265681283","0.666666666666667","DC.C","16",16.432,13.683,19.182
"88","DC","2012-08-03",10,"E",0,0,0,49,0,0,749,0,0,0,0,0,0,12,0,0,1,0,0,4,3,0,0,0,0,0,0,1,785,5,0,0,0,0,9,1609,1.14449455567481,2.0607293428799,24.4,14.4,4.34,2.3,24.86666667,14.75,0.28,32046,13.7064516129032,"0.438751899699304","0.344283533717326","0.533220265681283","0.666666666666667","DC.C","16",16.432,13.683,19.182
"89","DC","2012-08-03",11,"E",0,0,0,21,0,0,454,0,0,0,0,0,0,3,0,0,5,0,0,0,1,1,0,0,0,0,0,5,886,2,0,1,0,0,10,1379,1.08966248505104,2.0219602110213,24.4,14.4,4.34,2.3,24.86666667,14.75,0.28,32046,13.7064516129032,"0.438751899699304","0.344283533717326","0.533220265681283","0.666666666666667","DC.C","16",16.432,13.683,19.182
"90","DC","2012-08-03",12,"E",0,0,0,56,0,0,820,0,2,0,0,0,0,11,0,0,1,0,0,1,7,4,0,0,0,0,0,1,539,12,0,0,0,0,11,1454,1.17257654156674,2.06139885576193,24.4,14.4,4.34,2.3,24.86666667,14.75,0.28,32046,13.7064516129032,"0.438751899699304","0.344283533717326","0.533220265681283","0.666666666666667","DC.C","16",16.432,13.683,19.182
"91","DC","2012-08-03",13,"E",0,0,0,56,0,0,610,0,0,0,0,0,0,16,0,0,1,0,0,1,6,4,0,0,0,0,0,0,867,8,0,1,1,0,11,1571,1.16466612458556,2.06117042151381,24.4,14.4,4.34,2.3,24.86666667,14.75,0.28,32046,13.7064516129032,"0.438751899699304","0.344283533717326","0.533220265681283","0.666666666666667","DC.C","16",16.432,13.683,19.182
"92","DC","2012-08-03",14,"E",0,0,0,33,0,0,817,0,0,0,0,0,0,5,0,0,0,0,2,1,4,3,0,0,0,0,0,2,649,8,0,0,0,0,10,1524,1.13172815363787,2.05237797449669,24.4,14.4,4.34,2.3,24.86666667,14.75,0.28,32046,13.7064516129032,"0.438751899699304","0.344283533717326","0.533220265681283","0.666666666666667","DC.C","16",16.432,13.683,19.182
"93","DC","2012-08-03",15,"E",0,0,0,62,0,0,593,0,0,0,0,0,0,4,0,0,3,0,1,0,10,8,0,1,0,0,1,2,408,17,0,0,0,0,12,1110,1.22940620770445,2.08286256139574,24.4,14.4,4.34,2.3,24.86666667,14.75,0.28,32046,13.7064516129032,"0.438751899699304","0.344283533717326","0.533220265681283","0.666666666666667","DC.C","16",16.432,13.683,19.182
"94","DC","2012-08-03",16,"E",0,0,1,40,0,0,1005,0,0,0,0,0,0,9,0,0,1,0,3,1,3,3,0,0,0,0,1,2,975,18,0,0,0,0,13,2062,1.14118266251368,2.05678833203391,24.4,14.4,4.34,2.3,24.86666667,14.75,0.28,32046,13.7064516129032,"0.438751899699304","0.344283533717326","0.533220265681283","0.666666666666667","DC.C","16",16.432,13.683,19.182
"95","NB","2012-05-24",1,"A",0,0,0,1,0,0,0,0,8,0,0,0,0,24,0,3,11,0,0,0,1,6,0,0,0,0,0,0,0,0,0,0,0,0,7,54,1.45308303769445,2.19386155684869,10,1,11.33,2.7,15.66666667,8.25,0.36,68719,18.4838709677419,"0.376808909910861","0.251526972272675","0.502090847549047","0.466666666666667","NB.C","18",18.633,14.765,22.501
"96","NB","2012-05-24",2,"A",0,0,0,0,0,0,0,0,25,0,0,0,0,8,0,0,0,0,0,0,0,3,0,0,0,0,0,0,0,2,1,0,0,0,5,39,1.21993365513415,2.07918397392081,10,1,11.33,2.7,15.66666667,8.25,0.36,68719,18.4838709677419,"0.376808909910861","0.251526972272675","0.502090847549047","0.466666666666667","NB.C","18",18.633,14.765,22.501
"97","NB","2012-05-24",3,"A",0,0,0,2,0,0,4,0,22,0,1,0,0,18,0,0,0,0,0,0,0,3,0,0,0,0,0,2,0,3,0,0,0,0,8,55,1.47009499576944,2.19021870076915,10,1,11.33,2.7,15.66666667,8.25,0.36,68719,18.4838709677419,"0.376808909910861","0.251526972272675","0.502090847549047","0.466666666666667","NB.C","18",18.633,14.765,22.501
"98","NB","2012-05-24",4,"A",0,0,0,1,0,0,1,0,12,0,0,0,0,10,0,0,1,0,0,0,1,1,0,0,0,0,0,1,0,0,0,0,0,0,8,28,1.41559352980118,2.17784992784994,10,1,11.33,2.7,15.66666667,8.25,0.36,68719,18.4838709677419,"0.376808909910861","0.251526972272675","0.502090847549047","0.466666666666667","NB.C","18",18.633,14.765,22.501
"99","NB","2012-05-24",5,"A",0,0,0,0,0,0,0,0,0,0,0,1,0,3,0,0,0,0,0,0,0,0,0,0,0,0,0,0,0,0,0,0,0,0,2,4,0.974314752869349,2.125,10,1,11.33,2.7,15.66666667,8.25,0.36,68719,18.4838709677419,"0.376808909910861","0.251526972272675","0.502090847549047","0.466666666666667","NB.C","18",18.633,14.765,22.501
"100","NB","2012-05-24",6,"A",0,0,0,0,0,0,2,0,0,0,0,1,0,28,0,1,0,0,0,0,0,2,0,0,0,0,0,0,0,0,0,0,0,0,5,34,1.04346986923353,1.94552637880118,10,1,11.33,2.7,15.66666667,8.25,0.36,68719,18.4838709677419,"0.376808909910861","0.251526972272675","0.502090847549047","0.466666666666667","NB.C","18",18.633,14.765,22.501
"101","NB","2012-05-24",7,"A",0,0,0,0,0,0,3,1,0,0,0,5,0,52,0,1,0,0,0,0,0,2,1,0,0,0,0,1,0,1,1,0,0,0,10,68,1.19853342906323,1.99379328845972,10,1,11.33,2.7,15.66666667,8.25,0.36,68719,18.4838709677419,"0.376808909910861","0.251526972272675","0.502090847549047","0.466666666666667","NB.C","18",18.633,14.765,22.501
"102","NB","2012-05-24",8,"A",0,0,0,0,0,0,0,0,0,0,0,5,0,20,0,0,0,0,0,0,0,2,0,0,0,0,0,1,0,1,1,0,0,0,6,30,1.23794371481819,2.07428404441846,10,1,11.33,2.7,15.66666667,8.25,0.36,68719,18.4838709677419,"0.376808909910861","0.251526972272675","0.502090847549047","0.466666666666667","NB.C","18",18.633,14.765,22.501
"103","NB","2012-05-24",9,"A",0,0,0,0,1,0,0,0,0,0,0,9,0,44,0,2,3,0,0,0,1,7,0,0,0,0,0,4,0,0,0,0,0,0,8,71,1.34471215567623,2.10270773577636,10,1,11.33,2.7,15.66666667,8.25,0.36,68719,18.4838709677419,"0.376808909910861","0.251526972272675","0.502090847549047","0.466666666666667","NB.C","18",18.633,14.765,22.501
"104","NB","2012-05-24",10,"A",0,0,0,0,0,0,0,1,0,0,0,12,0,40,0,1,1,0,0,0,1,1,0,0,0,0,0,4,0,3,1,0,0,0,10,65,1.3479171826424,2.10024877012523,10,1,11.33,2.7,15.66666667,8.25,0.36,68719,18.4838709677419,"0.376808909910861","0.251526972272675","0.502090847549047","0.466666666666667","NB.C","18",18.633,14.765,22.501
"105","NB","2012-05-24",11,"A",0,0,1,0,0,0,0,0,0,0,0,9,0,29,0,0,0,0,0,0,0,5,0,0,0,0,0,1,0,4,0,0,0,0,6,49,1.30212909214298,2.11445402903431,10,1,11.33,2.7,15.66666667,8.25,0.36,68719,18.4838709677419,"0.376808909910861","0.251526972272675","0.502090847549047","0.466666666666667","NB.C","18",18.633,14.765,22.501
"106","NB","2012-05-24",12,"A",0,0,0,0,0,0,3,0,0,0,0,2,0,18,0,0,2,0,0,0,0,0,0,2,1,0,0,1,0,1,0,0,0,0,8,30,1.40238901153277,2.13573933372296,10,1,11.33,2.7,15.66666667,8.25,0.36,68719,18.4838709677419,"0.376808909910861","0.251526972272675","0.502090847549047","0.466666666666667","NB.C","18",18.633,14.765,22.501
"107","NB","2012-05-24",13,"A",0,0,0,0,0,0,0,1,0,0,0,1,0,35,0,0,0,0,0,0,0,2,0,1,0,0,0,1,0,0,1,0,0,0,7,42,1.06408345978199,1.93529868603333,10,1,11.33,2.7,15.66666667,8.25,0.36,68719,18.4838709677419,"0.376808909910861","0.251526972272675","0.502090847549047","0.466666666666667","NB.C","18",18.633,14.765,22.501
"108","NB","2012-05-24",14,"A",0,0,0,1,0,0,0,0,0,0,0,13,0,15,0,0,0,0,0,0,0,0,0,0,0,0,0,2,0,0,0,0,0,0,4,31,1.19479579853392,2.1088313061872,10,1,11.33,2.7,15.66666667,8.25,0.36,68719,18.4838709677419,"0.376808909910861","0.251526972272675","0.502090847549047","0.466666666666667","NB.C","18",18.633,14.765,22.501
"109","NB","2012-05-24",15,"A",0,0,0,0,0,0,2,0,0,0,0,2,0,35,0,0,1,0,0,0,0,8,0,0,0,0,0,1,0,0,1,0,0,0,7,50,1.21070565119594,2.04082251082249,10,1,11.33,2.7,15.66666667,8.25,0.36,68719,18.4838709677419,"0.376808909910861","0.251526972272675","0.502090847549047","0.466666666666667","NB.C","18",18.633,14.765,22.501
"110","NB","2012-05-24",16,"A",0,0,0,0,0,0,0,0,0,0,0,0,0,14,0,0,0,0,0,0,0,1,0,0,0,0,0,0,0,0,0,0,0,0,2,15,0.815612193957263,1.85,10,1,11.33,2.7,15.66666667,8.25,0.36,68719,18.4838709677419,"0.376808909910861","0.251526972272675","0.502090847549047","0.466666666666667","NB.C","18",18.633,14.765,22.501
"111","NB","2012-07-10",1,"C",0,0,0,0,0,0,0,0,0,0,1,1,0,5,0,0,2,0,0,0,4,12,0,5,0,0,0,0,0,1,0,0,0,0,8,31,1.55780641623161,2.24005817028026,10,1,11.33,2.7,15.66666667,8.25,0.36,68719,18.4838709677419,"0.376808909910861","0.251526972272675","0.502090847549047","0.466666666666667","NB.C","18",18.633,14.765,22.501
"112","NB","2012-07-10",2,"C",0,0,0,0,0,0,2,0,0,0,1,0,0,15,0,0,4,0,0,0,0,26,0,151,0,0,0,3,0,0,0,0,0,0,7,202,1.13646957620176,1.99420694356388,10,1,11.33,2.7,15.66666667,8.25,0.36,68719,18.4838709677419,"0.376808909910861","0.251526972272675","0.502090847549047","0.466666666666667","NB.C","18",18.633,14.765,22.501
"113","NB","2012-07-10",3,"C",0,0,0,0,0,0,0,0,0,0,0,0,0,4,0,0,4,0,0,0,0,53,0,45,0,0,0,0,0,2,1,0,0,0,6,109,1.23055537530752,2.09682938974151,10,1,11.33,2.7,15.66666667,8.25,0.36,68719,18.4838709677419,"0.376808909910861","0.251526972272675","0.502090847549047","0.466666666666667","NB.C","18",18.633,14.765,22.501
"114","NB","2012-07-10",4,"C",0,0,3,0,0,0,0,0,0,0,0,0,0,7,0,0,2,0,0,0,0,15,0,49,0,0,0,0,0,1,0,0,0,0,6,77,1.24411839866558,2.07657010172491,10,1,11.33,2.7,15.66666667,8.25,0.36,68719,18.4838709677419,"0.376808909910861","0.251526972272675","0.502090847549047","0.466666666666667","NB.C","18",18.633,14.765,22.501
"115","NB","2012-07-10",5,"C",0,0,0,2,1,0,0,0,0,0,0,0,0,7,0,0,4,0,0,0,0,63,0,15,0,0,0,0,1,2,1,0,0,0,9,96,1.29002243259956,2.07012520666849,10,1,11.33,2.7,15.66666667,8.25,0.36,68719,18.4838709677419,"0.376808909910861","0.251526972272675","0.502090847549047","0.466666666666667","NB.C","18",18.633,14.765,22.501
"116","NB","2012-07-10",6,"C",0,0,0,0,0,0,0,0,0,0,0,1,0,5,0,1,0,0,0,0,1,40,0,8,0,0,0,0,0,0,0,0,0,0,6,56,1.16798463253317,2.02722885222883,10,1,11.33,2.7,15.66666667,8.25,0.36,68719,18.4838709677419,"0.376808909910861","0.251526972272675","0.502090847549047","0.466666666666667","NB.C","18",18.633,14.765,22.501
"117","NB","2012-07-10",7,"C",0,0,1,0,0,0,0,0,1,0,0,3,0,7,0,0,2,0,0,0,0,32,0,34,0,0,0,0,0,0,0,0,0,0,7,80,1.32726481666531,2.13855982803916,10,1,11.33,2.7,15.66666667,8.25,0.36,68719,18.4838709677419,"0.376808909910861","0.251526972272675","0.502090847549047","0.466666666666667","NB.C","18",18.633,14.765,22.501
"118","NB","2012-07-10",8,"C",0,0,0,0,0,0,0,0,0,0,0,1,0,11,0,0,1,0,0,0,0,43,0,133,0,0,0,0,0,0,1,0,0,0,6,190,1.11001477708993,2.01400312566817,10,1,11.33,2.7,15.66666667,8.25,0.36,68719,18.4838709677419,"0.376808909910861","0.251526972272675","0.502090847549047","0.466666666666667","NB.C","18",18.633,14.765,22.501
"119","NB","2012-07-10",9,"C",0,0,0,0,0,0,1,0,0,0,0,0,0,2,0,0,0,0,0,0,0,1,0,2,0,0,0,0,0,0,0,0,0,0,4,6,1.35797785498732,2.31818181818182,10,1,11.33,2.7,15.66666667,8.25,0.36,68719,18.4838709677419,"0.376808909910861","0.251526972272675","0.502090847549047","0.466666666666667","NB.C","18",18.633,14.765,22.501
"120","NB","2012-07-10",10,"C",0,0,0,1,0,0,0,0,0,0,0,39,0,9,0,1,10,0,0,0,0,54,0,250,0,0,0,3,0,4,2,0,0,0,10,373,1.25222398692789,2.05288324190736,10,1,11.33,2.7,15.66666667,8.25,0.36,68719,18.4838709677419,"0.376808909910861","0.251526972272675","0.502090847549047","0.466666666666667","NB.C","18",18.633,14.765,22.501
"121","NB","2012-07-10",11,"C",0,0,0,0,0,0,0,0,0,0,0,0,0,6,0,0,0,0,0,0,0,8,0,20,0,0,0,0,0,0,0,0,0,0,3,34,1.17249311022263,2.09801261074308,10,1,11.33,2.7,15.66666667,8.25,0.36,68719,18.4838709677419,"0.376808909910861","0.251526972272675","0.502090847549047","0.466666666666667","NB.C","18",18.633,14.765,22.501
"122","NB","2012-07-10",12,"C",0,0,0,0,0,0,0,0,0,0,0,1,0,6,0,0,2,0,0,0,0,15,0,26,0,0,0,0,1,0,1,0,0,0,7,52,1.34696024964316,2.14571343847473,10,1,11.33,2.7,15.66666667,8.25,0.36,68719,18.4838709677419,"0.376808909910861","0.251526972272675","0.502090847549047","0.466666666666667","NB.C","18",18.633,14.765,22.501
"123","NB","2012-07-10",13,"C",0,0,1,0,0,0,0,0,0,2,1,27,0,15,0,0,4,0,0,0,0,75,0,178,0,0,0,4,0,1,0,0,0,0,10,308,1.30453785432605,2.1004064954669,10,1,11.33,2.7,15.66666667,8.25,0.36,68719,18.4838709677419,"0.376808909910861","0.251526972272675","0.502090847549047","0.466666666666667","NB.C","18",18.633,14.765,22.501
"124","NB","2012-07-10",14,"C",0,0,0,1,0,0,0,0,0,0,0,12,0,11,0,0,7,0,0,0,0,27,0,182,0,0,0,1,0,1,0,0,0,0,8,242,1.1526286236554,1.9931798106933,10,1,11.33,2.7,15.66666667,8.25,0.36,68719,18.4838709677419,"0.376808909910861","0.251526972272675","0.502090847549047","0.466666666666667","NB.C","18",18.633,14.765,22.501
"125","NB","2012-07-10",15,"C",0,0,0,0,0,0,0,0,0,0,3,0,0,17,0,0,0,0,0,0,0,80,0,53,0,0,0,2,0,2,0,0,0,0,6,157,1.26196863536985,2.11134384886192,10,1,11.33,2.7,15.66666667,8.25,0.36,68719,18.4838709677419,"0.376808909910861","0.251526972272675","0.502090847549047","0.466666666666667","NB.C","18",18.633,14.765,22.501
"126","NB","2012-07-10",16,"C",0,0,0,0,0,0,0,0,0,0,0,2,0,11,0,0,0,0,0,0,0,15,0,43,0,0,0,1,0,0,0,0,0,0,5,72,1.23345593205923,2.09419424472241,10,1,11.33,2.7,15.66666667,8.25,0.36,68719,18.4838709677419,"0.376808909910861","0.251526972272675","0.502090847549047","0.466666666666667","NB.C","18",18.633,14.765,22.501
"127","NB","2012-08-09",1,"E",0,0,0,0,0,0,1,0,0,0,0,0,0,6,0,0,0,0,0,0,0,25,0,0,0,0,0,2,0,0,0,0,0,0,4,34,1.09443410760048,2.01073509458057,10,1,11.33,2.7,15.66666667,8.25,0.36,68719,18.4838709677419,"0.376808909910861","0.251526972272675","0.502090847549047","0.466666666666667","NB.C","18",18.633,14.765,22.501
"128","NB","2012-08-09",2,"E",0,0,1,0,0,0,4,0,0,0,0,0,0,12,0,1,0,0,0,0,1,72,0,10,0,0,0,13,0,5,0,0,0,0,9,119,1.36967783488797,2.11005996477112,10,1,11.33,2.7,15.66666667,8.25,0.36,68719,18.4838709677419,"0.376808909910861","0.251526972272675","0.502090847549047","0.466666666666667","NB.C","18",18.633,14.765,22.501
"129","NB","2012-08-09",3,"E",0,0,0,0,0,0,8,0,0,0,0,0,0,9,0,0,3,0,0,0,1,41,0,9,0,0,0,4,0,1,0,0,0,0,8,76,1.42902014168435,2.15360578598816,10,1,11.33,2.7,15.66666667,8.25,0.36,68719,18.4838709677419,"0.376808909910861","0.251526972272675","0.502090847549047","0.466666666666667","NB.C","18",18.633,14.765,22.501
"130","NB","2012-08-09",4,"E",0,0,0,0,1,0,4,0,0,0,0,0,0,2,0,0,0,0,0,0,0,20,0,10,0,0,0,4,0,1,0,0,0,0,7,42,1.4260635890933,2.17940052894505,10,1,11.33,2.7,15.66666667,8.25,0.36,68719,18.4838709677419,"0.376808909910861","0.251526972272675","0.502090847549047","0.466666666666667","NB.C","18",18.633,14.765,22.501
"131","NB","2012-08-09",5,"E",0,0,0,3,1,0,1,0,0,0,0,0,0,0,0,0,0,0,0,0,0,12,0,0,0,0,0,0,0,1,0,0,0,0,5,18,1.21847981885635,2.08809523809524,10,1,11.33,2.7,15.66666667,8.25,0.36,68719,18.4838709677419,"0.376808909910861","0.251526972272675","0.502090847549047","0.466666666666667","NB.C","18",18.633,14.765,22.501
"132","NB","2012-08-09",6,"E",0,0,0,0,0,0,6,0,0,0,0,0,0,12,0,0,0,0,0,0,1,48,0,6,0,0,0,6,0,2,0,0,0,0,7,81,1.35164031883283,2.11734529560616,10,1,11.33,2.7,15.66666667,8.25,0.36,68719,18.4838709677419,"0.376808909910861","0.251526972272675","0.502090847549047","0.466666666666667","NB.C","18",18.633,14.765,22.501
"133","NB","2012-08-09",7,"E",0,0,0,0,0,0,9,0,0,0,0,0,0,4,0,0,0,0,2,0,0,28,0,14,0,0,0,2,0,9,0,0,0,0,7,68,1.4932220812488,2.2076626670569,10,1,11.33,2.7,15.66666667,8.25,0.36,68719,18.4838709677419,"0.376808909910861","0.251526972272675","0.502090847549047","0.466666666666667","NB.C","18",18.633,14.765,22.501
"134","NB","2012-08-09",8,"E",0,0,0,2,0,0,3,0,0,0,0,0,0,5,0,0,1,0,0,0,1,95,0,8,2,0,0,4,0,3,1,0,0,0,11,125,1.21846218322554,1.99495569374271,10,1,11.33,2.7,15.66666667,8.25,0.36,68719,18.4838709677419,"0.376808909910861","0.251526972272675","0.502090847549047","0.466666666666667","NB.C","18",18.633,14.765,22.501
"135","NB","2012-08-09",9,"E",0,0,1,0,0,0,1,0,0,0,0,0,0,7,0,0,0,0,0,0,1,11,0,4,0,0,0,9,0,2,0,0,0,0,8,36,1.55845231581863,2.24543930248157,10,1,11.33,2.7,15.66666667,8.25,0.36,68719,18.4838709677419,"0.376808909910861","0.251526972272675","0.502090847549047","0.466666666666667","NB.C","18",18.633,14.765,22.501
"136","NB","2012-08-09",10,"E",0,0,0,0,0,0,0,0,0,0,0,0,0,12,0,0,0,0,0,0,3,91,0,7,2,0,0,13,0,2,0,0,0,0,7,130,1.22944812436804,2.03857792113607,10,1,11.33,2.7,15.66666667,8.25,0.36,68719,18.4838709677419,"0.376808909910861","0.251526972272675","0.502090847549047","0.466666666666667","NB.C","18",18.633,14.765,22.501
"137","NB","2012-08-09",11,"E",0,0,1,0,1,0,2,0,0,0,0,0,0,11,0,0,0,0,0,0,1,16,0,12,0,0,0,3,0,1,1,0,0,0,10,49,1.56518714001119,2.23044656006735,10,1,11.33,2.7,15.66666667,8.25,0.36,68719,18.4838709677419,"0.376808909910861","0.251526972272675","0.502090847549047","0.466666666666667","NB.C","18",18.633,14.765,22.501
"138","NB","2012-08-09",12,"E",0,0,0,0,0,0,5,0,16,0,0,3,0,17,0,0,0,0,0,0,3,47,0,196,0,0,0,2,0,5,0,0,0,0,9,294,1.26951903002552,2.0569075517596,10,1,11.33,2.7,15.66666667,8.25,0.36,68719,18.4838709677419,"0.376808909910861","0.251526972272675","0.502090847549047","0.466666666666667","NB.C","18",18.633,14.765,22.501
"139","NB","2012-08-09",13,"E",0,0,0,1,0,0,10,0,0,0,0,0,0,11,0,0,0,0,0,0,0,55,0,10,0,0,0,4,0,3,0,0,0,0,7,94,1.36015154318999,2.12172932441211,10,1,11.33,2.7,15.66666667,8.25,0.36,68719,18.4838709677419,"0.376808909910861","0.251526972272675","0.502090847549047","0.466666666666667","NB.C","18",18.633,14.765,22.501
"140","NB","2012-08-09",14,"E",0,0,2,2,1,0,3,0,0,0,0,0,0,4,0,0,0,0,0,0,0,147,0,5,0,0,0,5,0,2,0,0,0,0,9,171,1.03389747701403,1.90084935038997,10,1,11.33,2.7,15.66666667,8.25,0.36,68719,18.4838709677419,"0.376808909910861","0.251526972272675","0.502090847549047","0.466666666666667","NB.C","18",18.633,14.765,22.501
"141","NB","2012-08-09",15,"E",0,0,0,0,0,0,1,0,0,0,0,0,0,2,0,0,0,0,0,0,1,23,0,5,0,0,0,4,0,0,0,0,0,0,6,36,1.27525347848049,2.09330985915494,10,1,11.33,2.7,15.66666667,8.25,0.36,68719,18.4838709677419,"0.376808909910861","0.251526972272675","0.502090847549047","0.466666666666667","NB.C","18",18.633,14.765,22.501
"142","NB","2012-08-09",16,"E",0,0,2,4,0,0,0,0,0,0,0,0,0,10,0,0,0,0,0,0,1,92,0,6,0,0,0,10,0,5,0,0,0,0,8,130,1.25081644758954,2.03606826862642,10,1,11.33,2.7,15.66666667,8.25,0.36,68719,18.4838709677419,"0.376808909910861","0.251526972272675","0.502090847549047","0.466666666666667","NB.C","18",18.633,14.765,22.501
"143","RP","2012-05-22",1,"A",0,1,1,3,0,0,21,0,0,0,0,0,0,1,0,0,0,0,0,0,0,0,0,0,0,0,0,0,2,4,0,0,0,0,7,33,1.31773005426598,2.10225087412589,15.4,5.4,2.41,0.72,21.1,10.25,0.18,50551,18.4,"0.46059728138394","0.351136763851047","0.570057798916832","0.75","RP.C","24",26.189,22.083,30.296
"144","RP","2012-05-22",2,"A",0,0,0,4,0,0,27,0,0,0,0,0,0,0,0,0,0,0,0,0,0,0,0,0,0,0,0,1,0,1,0,0,0,0,4,33,1.00908622149627,1.94547639860141,15.4,5.4,2.41,0.72,21.1,10.25,0.18,50551,18.4,"0.46059728138394","0.351136763851047","0.570057798916832","0.75","RP.C","24",26.189,22.083,30.296
"145","RP","2012-05-22",3,"A",0,0,0,0,0,0,14,0,0,0,0,0,0,0,5,2,0,0,0,0,0,0,0,0,0,0,0,1,0,7,0,0,0,0,5,29,1.34228375794471,2.17160357791029,15.4,5.4,2.41,0.72,21.1,10.25,0.18,50551,18.4,"0.46059728138394","0.351136763851047","0.570057798916832","0.75","RP.C","24",26.189,22.083,30.296
"146","RP","2012-05-22",5,"A",0,0,0,17,0,0,65,0,0,0,0,0,0,0,13,0,0,0,0,0,1,0,0,0,0,0,0,1,2,12,0,0,0,0,7,111,1.31796041095599,2.11290037466508,15.4,5.4,2.41,0.72,21.1,10.25,0.18,50551,18.4,"0.46059728138394","0.351136763851047","0.570057798916832","0.75","RP.C","24",26.189,22.083,30.296
"147","RP","2012-05-22",6,"A",0,0,1,4,0,0,37,0,0,0,0,0,0,2,2,0,4,0,0,0,0,0,0,0,0,0,0,0,4,16,0,0,0,0,8,70,1.40758406316069,2.14782608695652,15.4,5.4,2.41,0.72,21.1,10.25,0.18,50551,18.4,"0.46059728138394","0.351136763851047","0.570057798916832","0.75","RP.C","24",26.189,22.083,30.296
"148","RP","2012-05-22",7,"A",0,0,0,5,0,0,33,0,0,0,0,0,0,4,1,1,6,0,0,0,0,0,0,0,0,0,0,0,2,6,0,0,0,0,8,58,1.41419175025643,2.14137931034485,15.4,5.4,2.41,0.72,21.1,10.25,0.18,50551,18.4,"0.46059728138394","0.351136763851047","0.570057798916832","0.75","RP.C","24",26.189,22.083,30.296
"149","RP","2012-05-22",8,"A",0,0,0,0,0,0,51,0,0,0,1,0,0,2,0,0,1,0,0,0,0,0,0,0,0,0,0,0,2,12,0,0,0,0,6,69,1.12096437641918,2.00063238561053,15.4,5.4,2.41,0.72,21.1,10.25,0.18,50551,18.4,"0.46059728138394","0.351136763851047","0.570057798916832","0.75","RP.C","24",26.189,22.083,30.296
"150","RP","2012-05-22",9,"A",0,0,0,0,0,0,38,0,0,0,0,0,0,0,0,1,0,0,0,0,0,0,0,0,0,0,0,0,1,5,2,0,0,0,5,47,1.04735121553313,1.95199337530961,15.4,5.4,2.41,0.72,21.1,10.25,0.18,50551,18.4,"0.46059728138394","0.351136763851047","0.570057798916832","0.75","RP.C","24",26.189,22.083,30.296
"151","RP","2012-05-22",10,"A",0,0,0,0,0,0,31,0,0,0,0,0,0,0,0,0,0,0,0,0,0,0,0,0,0,0,0,0,0,3,0,0,0,0,2,34,0.842365086911499,1.85397876925533,15.4,5.4,2.41,0.72,21.1,10.25,0.18,50551,18.4,"0.46059728138394","0.351136763851047","0.570057798916832","0.75","RP.C","24",26.189,22.083,30.296
"152","RP","2012-05-22",11,"A",0,0,0,13,0,0,45,0,0,0,0,0,0,1,0,0,1,0,0,0,0,0,0,0,0,0,0,0,2,4,0,0,0,0,6,66,1.18512890390449,2.0435061122084,15.4,5.4,2.41,0.72,21.1,10.25,0.18,50551,18.4,"0.46059728138394","0.351136763851047","0.570057798916832","0.75","RP.C","24",26.189,22.083,30.296
"153","RP","2012-05-22",12,"A",0,0,0,0,0,0,42,0,0,0,0,0,0,0,3,0,0,0,0,0,0,0,0,0,0,0,0,0,0,5,0,0,0,0,3,50,0.965907179313255,1.92015460729746,15.4,5.4,2.41,0.72,21.1,10.25,0.18,50551,18.4,"0.46059728138394","0.351136763851047","0.570057798916832","0.75","RP.C","24",26.189,22.083,30.296
"154","RP","2012-05-22",13,"A",0,0,0,5,0,0,23,0,0,0,0,0,0,1,2,0,0,0,0,0,0,0,0,0,0,0,0,0,2,1,0,0,0,0,6,34,1.2366782480036,2.06714422539708,15.4,5.4,2.41,0.72,21.1,10.25,0.18,50551,18.4,"0.46059728138394","0.351136763851047","0.570057798916832","0.75","RP.C","24",26.189,22.083,30.296
"155","RP","2012-05-22",14,"A",0,0,0,8,0,0,76,0,0,0,0,0,0,2,1,0,1,0,0,0,0,0,0,0,0,0,0,0,7,10,0,0,0,0,7,105,1.19248553406896,2.02053932909194,15.4,5.4,2.41,0.72,21.1,10.25,0.18,50551,18.4,"0.46059728138394","0.351136763851047","0.570057798916832","0.75","RP.C","24",26.189,22.083,30.296
"156","RP","2012-05-22",15,"A",0,0,0,3,0,0,29,0,0,0,0,0,0,4,2,0,0,0,0,0,0,0,0,0,0,0,0,0,3,4,0,0,0,0,6,45,1.29959062487071,2.09204971058904,15.4,5.4,2.41,0.72,21.1,10.25,0.18,50551,18.4,"0.46059728138394","0.351136763851047","0.570057798916832","0.75","RP.C","24",26.189,22.083,30.296
"157","RP","2012-05-22",16,"A",0,0,0,9,0,0,82,0,0,0,0,0,0,4,5,0,0,0,0,0,0,0,0,0,0,1,0,0,7,9,0,0,0,0,7,117,1.24468389702823,2.04125778395055,15.4,5.4,2.41,0.72,21.1,10.25,0.18,50551,18.4,"0.46059728138394","0.351136763851047","0.570057798916832","0.75","RP.C","24",26.189,22.083,30.296
"158","RP","2012-07-03",1,"C",0,0,0,13,1,0,186,0,1,0,0,0,0,3,7,3,3,0,0,0,0,2,0,0,0,0,4,9,20,14,0,0,0,0,13,266,1.31871103854784,2.04346956293839,15.4,5.4,2.41,0.72,21.1,10.25,0.18,50551,18.4,"0.46059728138394","0.351136763851047","0.570057798916832","0.75","RP.C","24",26.189,22.083,30.296
"159","RP","2012-07-03",2,"C",0,0,0,14,0,0,231,0,2,0,0,0,0,2,1,1,15,0,0,0,0,5,0,2,0,0,0,7,49,12,1,0,1,1,15,344,1.30629019470863,2.05501261553479,15.4,5.4,2.41,0.72,21.1,10.25,0.18,50551,18.4,"0.46059728138394","0.351136763851047","0.570057798916832","0.75","RP.C","24",26.189,22.083,30.296
"160","RP","2012-07-03",3,"C",0,0,0,6,0,0,123,0,1,1,0,1,0,2,3,2,16,0,0,0,0,28,0,3,0,0,0,14,21,17,2,0,0,0,15,240,1.55823885923501,2.17181983254865,15.4,5.4,2.41,0.72,21.1,10.25,0.18,50551,18.4,"0.46059728138394","0.351136763851047","0.570057798916832","0.75","RP.C","24",26.189,22.083,30.296
"161","RP","2012-07-03",4,"C",0,0,0,9,32,0,272,0,11,0,0,3,0,10,7,3,16,0,0,0,0,107,0,16,0,0,0,12,45,29,0,0,0,1,15,573,1.58323346462798,2.1829188135845,15.4,5.4,2.41,0.72,21.1,10.25,0.18,50551,18.4,"0.46059728138394","0.351136763851047","0.570057798916832","0.75","RP.C","24",26.189,22.083,30.296
"162","RP","2012-07-03",5,"C",0,0,0,7,1,0,139,0,2,1,0,1,0,7,21,2,5,0,0,0,0,37,0,6,0,0,0,14,25,21,1,0,11,0,17,301,1.65305712143764,2.20249467941027,15.4,5.4,2.41,0.72,21.1,10.25,0.18,50551,18.4,"0.46059728138394","0.351136763851047","0.570057798916832","0.75","RP.C","24",26.189,22.083,30.296
"163","RP","2012-07-03",6,"C",0,0,0,0,0,0,52,1,3,2,0,0,0,2,7,2,5,0,0,0,0,18,0,1,1,0,0,4,12,18,0,0,0,0,14,128,1.65820374045978,2.22513750578973,15.4,5.4,2.41,0.72,21.1,10.25,0.18,50551,18.4,"0.46059728138394","0.351136763851047","0.570057798916832","0.75","RP.C","24",26.189,22.083,30.296
"164","RP","2012-07-03",7,"C",0,0,0,5,0,0,279,0,6,4,0,4,0,2,0,0,20,0,0,0,0,148,0,24,0,0,0,0,81,91,0,0,5,4,13,673,1.51261063220609,2.19093767900214,15.4,5.4,2.41,0.72,21.1,10.25,0.18,50551,18.4,"0.46059728138394","0.351136763851047","0.570057798916832","0.75","RP.C","24",26.189,22.083,30.296
"165","RP","2012-07-03",8,"C",0,0,0,2,0,0,275,0,6,5,0,10,0,6,6,3,27,0,0,0,0,111,0,4,0,0,0,7,86,31,0,0,3,2,16,584,1.52413336185569,2.17394314888999,15.4,5.4,2.41,0.72,21.1,10.25,0.18,50551,18.4,"0.46059728138394","0.351136763851047","0.570057798916832","0.75","RP.C","24",26.189,22.083,30.296
"166","RP","2012-07-03",9,"C",0,0,0,9,0,0,192,1,5,3,0,1,0,7,3,4,2,0,0,0,0,37,0,1,0,0,0,2,18,23,0,0,3,1,17,312,1.4286845830434,2.10120450433539,15.4,5.4,2.41,0.72,21.1,10.25,0.18,50551,18.4,"0.46059728138394","0.351136763851047","0.570057798916832","0.75","RP.C","24",26.189,22.083,30.296
"167","RP","2012-07-03",10,"C",0,0,0,3,0,0,134,0,5,7,0,12,0,8,25,5,11,0,0,0,0,94,0,10,0,0,0,14,15,34,1,0,3,2,17,383,1.70194751739408,2.22971167042559,15.4,5.4,2.41,0.72,21.1,10.25,0.18,50551,18.4,"0.46059728138394","0.351136763851047","0.570057798916832","0.75","RP.C","24",26.189,22.083,30.296
"168","RP","2012-07-03",11,"C",0,0,3,5,0,0,141,0,0,0,0,0,0,4,3,1,5,0,0,0,0,15,0,2,0,0,0,7,12,20,0,0,3,0,13,221,1.41335035168142,2.09129365032725,15.4,5.4,2.41,0.72,21.1,10.25,0.18,50551,18.4,"0.46059728138394","0.351136763851047","0.570057798916832","0.75","RP.C","24",26.189,22.083,30.296
"169","RP","2012-07-03",12,"C",0,0,0,22,0,0,703,0,9,9,0,4,0,4,8,1,44,0,0,0,1,122,0,14,0,0,1,18,209,83,0,0,8,3,18,1263,1.45008745434549,2.1312758522156,15.4,5.4,2.41,0.72,21.1,10.25,0.18,50551,18.4,"0.46059728138394","0.351136763851047","0.570057798916832","0.75","RP.C","24",26.189,22.083,30.296
"170","RP","2012-07-03",13,"C",0,0,0,0,0,0,35,0,0,1,0,1,0,1,4,2,2,0,0,0,0,2,0,0,0,0,0,2,17,1,0,0,0,0,11,68,1.45222335748591,2.15325090235104,15.4,5.4,2.41,0.72,21.1,10.25,0.18,50551,18.4,"0.46059728138394","0.351136763851047","0.570057798916832","0.75","RP.C","24",26.189,22.083,30.296
"171","RP","2012-07-03",14,"C",0,0,0,12,0,0,298,0,0,0,0,2,0,8,2,2,4,0,0,0,0,13,0,2,0,0,0,8,46,20,1,0,2,0,14,420,1.28151626947294,2.0310028458375,15.4,5.4,2.41,0.72,21.1,10.25,0.18,50551,18.4,"0.46059728138394","0.351136763851047","0.570057798916832","0.75","RP.C","24",26.189,22.083,30.296
"172","RP","2012-07-03",15,"C",0,0,0,0,0,0,6,0,0,0,0,0,0,2,2,1,0,0,0,0,0,0,0,0,0,0,0,7,0,4,0,0,0,0,6,22,1.49572081575104,2.24864089398973,15.4,5.4,2.41,0.72,21.1,10.25,0.18,50551,18.4,"0.46059728138394","0.351136763851047","0.570057798916832","0.75","RP.C","24",26.189,22.083,30.296
"173","RP","2012-07-03",16,"C",0,0,0,1,0,0,37,0,0,0,0,0,1,1,10,4,10,0,0,0,0,2,0,0,0,0,1,17,0,5,0,0,0,0,11,89,1.57342630450218,2.21342687972853,15.4,5.4,2.41,0.72,21.1,10.25,0.18,50551,18.4,"0.46059728138394","0.351136763851047","0.570057798916832","0.75","RP.C","24",26.189,22.083,30.296
"174","RP","2012-08-07",1,"E",0,0,0,11,1,0,346,0,0,0,0,0,0,3,0,0,1,0,0,0,0,164,0,1,0,0,0,6,268,108,0,0,0,0,10,909,1.40200188643767,2.17785045653543,15.4,5.4,2.41,0.72,21.1,10.25,0.18,50551,18.4,"0.46059728138394","0.351136763851047","0.570057798916832","0.75","RP.C","24",26.189,22.083,30.296
"175","RP","2012-08-07",2,"E",0,0,0,23,1,0,316,0,0,0,0,0,1,3,3,0,1,0,0,0,0,66,0,0,1,0,0,0,385,51,0,0,0,0,11,851,1.32454267837464,2.12919125799768,15.4,5.4,2.41,0.72,21.1,10.25,0.18,50551,18.4,"0.46059728138394","0.351136763851047","0.570057798916832","0.75","RP.C","24",26.189,22.083,30.296
"176","RP","2012-08-07",3,"E",0,0,0,10,0,0,161,0,1,0,0,0,0,0,3,0,4,0,0,0,0,32,0,0,0,0,1,2,538,22,0,0,0,14,11,788,1.16377473411118,2.01784181365279,15.4,5.4,2.41,0.72,21.1,10.25,0.18,50551,18.4,"0.46059728138394","0.351136763851047","0.570057798916832","0.75","RP.C","24",26.189,22.083,30.296
"177","RP","2012-08-07",4,"E",0,0,0,10,1,0,311,0,0,0,0,0,2,1,7,1,0,0,0,0,1,178,0,0,0,0,0,1,255,75,0,0,1,0,13,844,1.40683219770105,2.17709741861045,15.4,5.4,2.41,0.72,21.1,10.25,0.18,50551,18.4,"0.46059728138394","0.351136763851047","0.570057798916832","0.75","RP.C","24",26.189,22.083,30.296
"178","RP","2012-08-07",5,"E",0,0,1,5,0,0,132,0,0,0,0,0,0,0,14,0,1,0,0,0,0,91,0,0,0,0,0,1,245,65,0,0,0,0,9,555,1.40294160213776,2.16994562182537,15.4,5.4,2.41,0.72,21.1,10.25,0.18,50551,18.4,"0.46059728138394","0.351136763851047","0.570057798916832","0.75","RP.C","24",26.189,22.083,30.296
"179","RP","2012-08-07",6,"E",0,0,0,1,0,0,104,0,1,0,0,0,0,0,0,0,0,0,0,0,0,26,0,0,0,0,0,0,317,13,0,0,0,10,7,472,1.12990743537901,2.01901887697484,15.4,5.4,2.41,0.72,21.1,10.25,0.18,50551,18.4,"0.46059728138394","0.351136763851047","0.570057798916832","0.75","RP.C","24",26.189,22.083,30.296
"180","RP","2012-08-07",7,"E",0,0,0,15,1,0,122,0,0,0,0,0,0,0,6,0,1,0,0,0,0,57,0,0,0,0,0,3,229,7,0,0,0,0,9,441,1.32366128916858,2.12360182180392,15.4,5.4,2.41,0.72,21.1,10.25,0.18,50551,18.4,"0.46059728138394","0.351136763851047","0.570057798916832","0.75","RP.C","24",26.189,22.083,30.296
"181","RP","2012-08-07",8,"E",0,0,0,11,1,0,287,0,0,0,0,0,1,1,22,1,0,0,0,0,0,144,0,0,0,0,1,1,967,46,0,0,0,0,12,1483,1.22275971967394,2.05613457537957,15.4,5.4,2.41,0.72,21.1,10.25,0.18,50551,18.4,"0.46059728138394","0.351136763851047","0.570057798916832","0.75","RP.C","24",26.189,22.083,30.296
"182","RP","2012-08-07",9,"E",0,0,0,12,0,0,844,0,0,0,0,0,0,2,21,0,0,0,0,0,0,283,0,0,0,0,0,2,971,146,0,0,0,12,9,2293,1.31620539442152,2.13650706597277,15.4,5.4,2.41,0.72,21.1,10.25,0.18,50551,18.4,"0.46059728138394","0.351136763851047","0.570057798916832","0.75","RP.C","24",26.189,22.083,30.296
"183","RP","2012-08-07",10,"E",0,0,0,7,0,0,132,0,0,0,0,0,0,0,21,1,1,0,0,0,0,78,0,0,0,0,3,1,323,24,0,0,0,2,11,593,1.33841007194759,2.12037828441337,15.4,5.4,2.41,0.72,21.1,10.25,0.18,50551,18.4,"0.46059728138394","0.351136763851047","0.570057798916832","0.75","RP.C","24",26.189,22.083,30.296
"184","RP","2012-08-07",11,"E",0,0,0,26,2,0,176,0,0,0,0,0,0,4,5,0,5,0,0,0,0,36,0,0,0,0,1,1,624,34,0,0,0,0,11,914,1.21212684619451,2.03610722684282,15.4,5.4,2.41,0.72,21.1,10.25,0.18,50551,18.4,"0.46059728138394","0.351136763851047","0.570057798916832","0.75","RP.C","24",26.189,22.083,30.296
"185","RP","2012-08-07",12,"E",0,0,0,7,0,0,190,0,0,0,0,0,0,0,9,1,10,0,0,0,0,61,0,0,0,0,0,6,332,20,0,0,0,14,10,650,1.31782831969692,2.11092465288008,15.4,5.4,2.41,0.72,21.1,10.25,0.18,50551,18.4,"0.46059728138394","0.351136763851047","0.570057798916832","0.75","RP.C","24",26.189,22.083,30.296
"186","RP","2012-08-07",13,"E",0,0,0,12,0,0,205,0,0,0,0,0,0,0,9,2,7,0,0,0,0,33,0,0,0,0,0,4,147,10,0,0,1,15,11,445,1.3490684168209,2.11969526685381,15.4,5.4,2.41,0.72,21.1,10.25,0.18,50551,18.4,"0.46059728138394","0.351136763851047","0.570057798916832","0.75","RP.C","24",26.189,22.083,30.296
"187","RP","2012-08-07",14,"E",0,0,0,7,0,0,204,0,3,0,0,0,0,1,7,1,0,0,0,0,0,28,0,0,0,0,0,3,505,18,0,1,1,12,13,791,1.18937866154088,2.0401189489265,15.4,5.4,2.41,0.72,21.1,10.25,0.18,50551,18.4,"0.46059728138394","0.351136763851047","0.570057798916832","0.75","RP.C","24",26.189,22.083,30.296
"188","RP","2012-08-07",15,"E",0,0,0,7,0,0,214,0,0,0,0,0,0,3,5,0,2,0,0,0,0,16,0,0,0,0,0,0,341,10,0,0,0,14,9,612,1.18286414174421,2.05789260747991,15.4,5.4,2.41,0.72,21.1,10.25,0.18,50551,18.4,"0.46059728138394","0.351136763851047","0.570057798916832","0.75","RP.C","24",26.189,22.083,30.296
"189","RP","2012-08-07",16,"E",0,0,0,31,0,0,602,0,0,0,0,0,0,3,64,2,0,0,0,0,0,107,0,0,0,0,0,0,234,25,0,0,0,16,9,1084,1.32531052111091,2.10924215404305,15.4,5.4,2.41,0.72,21.1,10.25,0.18,50551,18.4,"0.46059728138394","0.351136763851047","0.570057798916832","0.75","RP.C","24",26.189,22.083,30.296
"190","WI","2012-05-20",1,"A",0,1,0,2,0,0,2,0,0,0,0,0,0,1,0,0,0,0,0,0,0,0,0,0,0,0,0,0,0,7,0,0,0,0,5,13,1.34508494522814,2.19115384615384,20.6,10.6,0.63,0.26,20.96666667,7,0.3,191429,15.7842105263158,"0.339644343303565","0.203406476118848","0.475882210488282","0.526315789473684","WI.C","22",22.864,19.977,25.751
"191","WI","2012-05-20",2,"A",0,0,0,0,0,0,0,0,2,0,0,0,0,0,0,0,0,0,0,0,0,1,0,1,0,0,0,0,0,4,2,0,0,0,5,10,1.428551418721,2.27192982456141,20.6,10.6,0.63,0.26,20.96666667,7,0.3,191429,15.7842105263158,"0.339644343303565","0.203406476118848","0.475882210488282","0.526315789473684","WI.C","22",22.864,19.977,25.751
"192","WI","2012-05-20",3,"A",0,0,0,3,0,0,0,0,1,0,1,0,0,0,0,0,0,0,0,0,0,0,1,0,0,0,0,0,0,0,1,0,0,0,5,7,1.43068533608729,2.3076923076923,20.6,10.6,0.63,0.26,20.96666667,7,0.3,191429,15.7842105263158,"0.339644343303565","0.203406476118848","0.475882210488282","0.526315789473684","WI.C","22",22.864,19.977,25.751
"193","WI","2012-05-20",4,"A",0,0,0,7,0,0,0,0,0,0,2,0,0,2,0,1,15,0,0,0,0,0,0,23,0,0,0,3,1,9,6,0,0,0,10,69,1.62938525440981,2.24520693710678,20.6,10.6,0.63,0.26,20.96666667,7,0.3,191429,15.7842105263158,"0.339644343303565","0.203406476118848","0.475882210488282","0.526315789473684","WI.C","22",22.864,19.977,25.751
"194","WI","2012-05-20",5,"A",0,0,1,3,0,0,0,1,0,2,1,0,0,0,0,0,2,0,1,0,0,0,0,5,0,1,0,1,0,15,2,0,0,0,12,35,1.66906888947511,2.23863719400805,20.6,10.6,0.63,0.26,20.96666667,7,0.3,191429,15.7842105263158,"0.339644343303565","0.203406476118848","0.475882210488282","0.526315789473684","WI.C","22",22.864,19.977,25.751
"195","WI","2012-05-20",6,"A",0,0,0,1,0,0,0,1,2,0,1,0,0,2,0,0,3,0,0,0,2,0,0,0,0,0,0,3,0,0,2,0,1,0,10,18,1.80119830460558,2.33837535014006,20.6,10.6,0.63,0.26,20.96666667,7,0.3,191429,15.7842105263158,"0.339644343303565","0.203406476118848","0.475882210488282","0.526315789473684","WI.C","22",22.864,19.977,25.751
"196","WI","2012-05-20",7,"A",0,0,0,0,0,0,1,0,0,1,0,0,0,1,0,0,1,0,0,0,0,1,0,2,0,0,0,1,0,4,0,0,0,0,8,12,1.64678918022063,2.31719367588933,20.6,10.6,0.63,0.26,20.96666667,7,0.3,191429,15.7842105263158,"0.339644343303565","0.203406476118848","0.475882210488282","0.526315789473684","WI.C","22",22.864,19.977,25.751
"197","WI","2012-05-20",8,"A",0,0,0,4,0,0,0,1,2,0,0,0,0,2,0,1,1,0,0,0,0,0,0,2,0,0,0,4,0,3,3,0,0,0,10,23,1.78609186016958,2.32312252964429,20.6,10.6,0.63,0.26,20.96666667,7,0.3,191429,15.7842105263158,"0.339644343303565","0.203406476118848","0.475882210488282","0.526315789473684","WI.C","22",22.864,19.977,25.751
"198","WI","2012-05-20",9,"A",0,0,0,4,0,0,1,0,0,0,0,0,0,0,0,3,0,0,0,0,0,1,0,0,0,0,0,4,0,1,4,0,0,0,7,18,1.58468391507906,2.28753501400561,20.6,10.6,0.63,0.26,20.96666667,7,0.3,191429,15.7842105263158,"0.339644343303565","0.203406476118848","0.475882210488282","0.526315789473684","WI.C","22",22.864,19.977,25.751
"199","WI","2012-05-20",10,"A",0,0,0,2,0,0,0,2,0,0,1,0,0,1,0,5,0,0,0,0,1,0,0,3,0,0,0,11,0,5,4,0,0,0,10,35,1.69818078047827,2.27707343807089,20.6,10.6,0.63,0.26,20.96666667,7,0.3,191429,15.7842105263158,"0.339644343303565","0.203406476118848","0.475882210488282","0.526315789473684","WI.C","22",22.864,19.977,25.751
"200","WI","2012-05-20",11,"A",0,0,0,1,0,0,0,2,1,0,0,0,0,2,0,0,1,0,0,0,0,1,0,1,0,1,0,0,0,2,2,0,0,0,10,14,1.81463379377902,2.35714285714284,20.6,10.6,0.63,0.26,20.96666667,7,0.3,191429,15.7842105263158,"0.339644343303565","0.203406476118848","0.475882210488282","0.526315789473684","WI.C","22",22.864,19.977,25.751
"201","WI","2012-05-20",12,"A",0,0,35,4,0,0,0,1,0,0,8,0,0,0,0,3,1,0,0,0,2,0,0,0,0,0,0,2,0,1,27,0,0,0,10,84,1.47002038414584,2.17887417935218,20.6,10.6,0.63,0.26,20.96666667,7,0.3,191429,15.7842105263158,"0.339644343303565","0.203406476118848","0.475882210488282","0.526315789473684","WI.C","22",22.864,19.977,25.751
"202","WI","2012-05-20",13,"A",0,0,1,0,0,0,0,1,1,0,0,0,0,1,0,0,0,0,0,0,0,0,0,4,0,0,0,0,0,1,0,0,0,0,6,9,1.48369405564586,2.2843137254902,20.6,10.6,0.63,0.26,20.96666667,7,0.3,191429,15.7842105263158,"0.339644343303565","0.203406476118848","0.475882210488282","0.526315789473684","WI.C","22",22.864,19.977,25.751
"203","WI","2012-05-20",14,"A",0,0,0,0,0,0,0,0,0,0,0,2,0,1,0,0,0,0,0,0,0,0,0,0,0,0,0,0,0,0,0,0,0,0,2,3,1.01140426470735,2.25,20.6,10.6,0.63,0.26,20.96666667,7,0.3,191429,15.7842105263158,"0.339644343303565","0.203406476118848","0.475882210488282","0.526315789473684","WI.C","22",22.864,19.977,25.751
"204","WI","2012-05-20",15,"A",0,0,0,0,0,0,0,1,0,0,1,0,0,2,0,0,0,0,0,0,0,0,0,4,0,0,0,0,0,3,2,0,0,0,6,13,1.52894481957057,2.29038461538461,20.6,10.6,0.63,0.26,20.96666667,7,0.3,191429,15.7842105263158,"0.339644343303565","0.203406476118848","0.475882210488282","0.526315789473684","WI.C","22",22.864,19.977,25.751
"205","WI","2012-05-20",16,"A",0,0,0,0,0,0,2,1,0,0,0,1,0,1,0,0,0,0,0,0,0,0,0,13,0,0,0,0,0,2,1,0,0,0,7,21,1.35548148586833,2.13031358885018,20.6,10.6,0.63,0.26,20.96666667,7,0.3,191429,15.7842105263158,"0.339644343303565","0.203406476118848","0.475882210488282","0.526315789473684","WI.C","22",22.864,19.977,25.751
"206","WI","2012-06-30",1,"C",0,0,0,0,0,0,5,1,2,0,12,0,0,12,0,18,0,0,0,0,0,26,0,0,0,0,0,4,0,0,0,1,1,0,10,82,1.60776520301298,2.24193226594846,20.6,10.6,0.63,0.26,20.96666667,7,0.3,191429,15.7842105263158,"0.339644343303565","0.203406476118848","0.475882210488282","0.526315789473684","WI.C","22",22.864,19.977,25.751
"207","WI","2012-06-30",2,"C",0,0,0,0,0,0,6,1,0,0,4,0,0,15,0,2,0,0,0,0,0,23,0,0,0,0,0,6,0,2,0,0,1,0,9,60,1.55235279683467,2.21984760005699,20.6,10.6,0.63,0.26,20.96666667,7,0.3,191429,15.7842105263158,"0.339644343303565","0.203406476118848","0.475882210488282","0.526315789473684","WI.C","22",22.864,19.977,25.751
"208","WI","2012-06-30",3,"C",0,0,5,0,0,0,19,1,1,1,0,2,0,6,0,3,0,0,0,0,1,19,0,0,0,0,0,0,0,11,1,0,1,0,13,71,1.68543495842025,2.25456783252707,20.6,10.6,0.63,0.26,20.96666667,7,0.3,191429,15.7842105263158,"0.339644343303565","0.203406476118848","0.475882210488282","0.526315789473684","WI.C","22",22.864,19.977,25.751
"209","WI","2012-06-30",4,"C",0,1,0,0,0,0,62,0,0,0,0,0,0,2,1,0,0,0,0,0,0,13,0,0,0,0,0,0,0,1,0,0,0,0,6,80,1.06782944864116,1.96961726773345,20.6,10.6,0.63,0.26,20.96666667,7,0.3,191429,15.7842105263158,"0.339644343303565","0.203406476118848","0.475882210488282","0.526315789473684","WI.C","22",22.864,19.977,25.751
"210","WI","2012-06-30",5,"C",0,0,0,0,0,0,2,0,0,2,0,0,0,17,2,14,0,0,0,0,2,3,0,0,0,0,0,1,0,0,1,0,0,0,9,44,1.51760059099574,2.20544761974191,20.6,10.6,0.63,0.26,20.96666667,7,0.3,191429,15.7842105263158,"0.339644343303565","0.203406476118848","0.475882210488282","0.526315789473684","WI.C","22",22.864,19.977,25.751
"211","WI","2012-06-30",6,"C",0,0,1,0,0,0,1,0,2,1,0,0,0,7,0,3,0,0,1,0,0,1,0,1,0,0,0,1,0,3,0,0,0,0,11,22,1.74777433595465,2.29771972213832,20.6,10.6,0.63,0.26,20.96666667,7,0.3,191429,15.7842105263158,"0.339644343303565","0.203406476118848","0.475882210488282","0.526315789473684","WI.C","22",22.864,19.977,25.751
"212","WI","2012-06-30",7,"C",0,1,0,0,0,0,16,0,0,0,0,1,0,7,1,0,0,0,0,0,0,67,0,0,0,0,0,0,0,4,2,0,7,0,9,106,1.32557409107162,2.0885457518427,20.6,10.6,0.63,0.26,20.96666667,7,0.3,191429,15.7842105263158,"0.339644343303565","0.203406476118848","0.475882210488282","0.526315789473684","WI.C","22",22.864,19.977,25.751
"213","WI","2012-06-30",8,"C",0,0,0,1,0,0,14,0,0,1,0,0,0,2,1,0,0,0,0,0,0,83,0,0,0,0,0,1,12,0,0,0,1,0,9,116,1.19530543464629,2.02295362059233,20.6,10.6,0.63,0.26,20.96666667,7,0.3,191429,15.7842105263158,"0.339644343303565","0.203406476118848","0.475882210488282","0.526315789473684","WI.C","22",22.864,19.977,25.751
"214","WI","2012-06-30",9,"C",0,0,0,0,0,0,9,0,0,4,0,1,0,0,0,1,0,0,0,0,2,155,0,0,0,0,0,1,0,4,0,0,5,0,9,182,1.03682702648637,1.90776187649615,20.6,10.6,0.63,0.26,20.96666667,7,0.3,191429,15.7842105263158,"0.339644343303565","0.203406476118848","0.475882210488282","0.526315789473684","WI.C","22",22.864,19.977,25.751
"215","WI","2012-06-30",11,"C",0,1,0,0,0,0,0,0,0,0,0,0,0,3,0,0,0,0,0,0,0,0,0,0,0,0,0,2,0,0,0,0,0,0,3,6,1.19884931291362,2.23181818181818,20.6,10.6,0.63,0.26,20.96666667,7,0.3,191429,15.7842105263158,"0.339644343303565","0.203406476118848","0.475882210488282","0.526315789473684","WI.C","22",22.864,19.977,25.751
"216","WI","2012-06-30",12,"C",0,2,0,1,0,0,4,0,0,1,0,0,0,4,1,1,0,0,0,0,0,7,0,0,0,0,0,0,0,2,0,0,2,0,10,25,1.72517291267993,2.29668367346938,20.6,10.6,0.63,0.26,20.96666667,7,0.3,191429,15.7842105263158,"0.339644343303565","0.203406476118848","0.475882210488282","0.526315789473684","WI.C","22",22.864,19.977,25.751
"217","WI","2012-06-30",13,"C",0,0,4,0,0,0,7,0,0,0,0,0,0,2,1,0,0,0,1,0,0,58,0,0,0,0,0,0,0,2,0,0,3,0,8,78,1.20008705103421,2.00908768650705,20.6,10.6,0.63,0.26,20.96666667,7,0.3,191429,15.7842105263158,"0.339644343303565","0.203406476118848","0.475882210488282","0.526315789473684","WI.C","22",22.864,19.977,25.751
"218","WI","2012-06-30",14,"C",0,0,0,0,0,0,17,1,1,44,0,0,0,2,0,1,0,0,0,0,1,131,0,0,0,0,0,4,0,3,0,0,5,0,11,210,1.29147637850324,2.07900756447424,20.6,10.6,0.63,0.26,20.96666667,7,0.3,191429,15.7842105263158,"0.339644343303565","0.203406476118848","0.475882210488282","0.526315789473684","WI.C","22",22.864,19.977,25.751
"219","WI","2012-06-30",15,"C",0,0,0,0,0,0,1,0,0,0,0,0,0,1,0,0,0,0,0,0,0,19,0,0,0,0,0,0,0,2,1,0,0,0,5,24,1.08778586729054,1.98155642923218,20.6,10.6,0.63,0.26,20.96666667,7,0.3,191429,15.7842105263158,"0.339644343303565","0.203406476118848","0.475882210488282","0.526315789473684","WI.C","22",22.864,19.977,25.751
"220","WI","2012-06-30",16,"C",0,0,0,0,0,0,5,0,0,1,0,0,0,3,2,0,0,0,0,0,0,78,0,0,0,0,0,3,0,3,0,0,0,0,7,95,1.07985255792289,1.93951190031818,20.6,10.6,0.63,0.26,20.96666667,7,0.3,191429,15.7842105263158,"0.339644343303565","0.203406476118848","0.475882210488282","0.526315789473684","WI.C","22",22.864,19.977,25.751
"221","WI","2012-06-30",17,"C",0,0,0,0,0,0,10,0,0,3,0,0,0,2,1,1,0,0,0,0,0,101,0,0,0,0,0,1,0,4,0,0,4,0,9,127,1.12734501809243,1.96107230667314,20.6,10.6,0.63,0.26,20.96666667,7,0.3,191429,15.7842105263158,"0.339644343303565","0.203406476118848","0.475882210488282","0.526315789473684","WI.C","22",22.864,19.977,25.751
"222","WI","2012-08-05",1,"E",0,0,2,5,0,0,114,2,0,0,1,0,0,2,16,4,0,0,1,0,2,188,0,0,0,0,0,3,7,65,7,0,1,0,16,420,1.4635716461606,2.16564246519505,20.6,10.6,0.63,0.26,20.96666667,7,0.3,191429,15.7842105263158,"0.339644343303565","0.203406476118848","0.475882210488282","0.526315789473684","WI.C","22",22.864,19.977,25.751
"223","WI","2012-08-05",2,"E",0,0,2,7,0,0,86,1,0,0,2,0,0,7,56,4,0,0,0,0,5,339,0,0,0,0,0,11,4,43,5,1,1,0,16,574,1.40533634182177,2.1120447818301,20.6,10.6,0.63,0.26,20.96666667,7,0.3,191429,15.7842105263158,"0.339644343303565","0.203406476118848","0.475882210488282","0.526315789473684","WI.C","22",22.864,19.977,25.751
"224","WI","2012-08-05",3,"E",0,0,3,8,0,0,133,1,0,0,0,0,0,2,40,8,0,0,1,0,2,386,0,0,0,0,0,3,2,85,23,0,7,0,15,704,1.41165741465803,2.13098429921389,20.6,10.6,0.63,0.26,20.96666667,7,0.3,191429,15.7842105263158,"0.339644343303565","0.203406476118848","0.475882210488282","0.526315789473684","WI.C","22",22.864,19.977,25.751
"225","WI","2012-08-05",4,"E",0,0,0,0,0,0,16,0,0,0,0,0,0,7,21,2,0,0,0,0,0,48,0,0,0,0,0,3,0,13,0,0,1,0,8,111,1.49042632090477,2.19663968781616,20.6,10.6,0.63,0.26,20.96666667,7,0.3,191429,15.7842105263158,"0.339644343303565","0.203406476118848","0.475882210488282","0.526315789473684","WI.C","22",22.864,19.977,25.751
"226","WI","2012-08-05",5,"E",0,0,4,7,0,0,146,0,0,0,0,0,0,4,21,9,0,0,1,0,0,185,0,0,0,0,0,3,0,43,6,1,0,0,12,430,1.42553732980414,2.15625243397802,20.6,10.6,0.63,0.26,20.96666667,7,0.3,191429,15.7842105263158,"0.339644343303565","0.203406476118848","0.475882210488282","0.526315789473684","WI.C","22",22.864,19.977,25.751
"227","WI","2012-08-05",6,"E",0,0,5,15,0,0,208,1,1,0,0,0,0,4,19,0,0,0,0,8,1,213,0,0,0,0,0,3,1,33,0,0,0,0,13,512,1.37321112273872,2.13509231900932,20.6,10.6,0.63,0.26,20.96666667,7,0.3,191429,15.7842105263158,"0.339644343303565","0.203406476118848","0.475882210488282","0.526315789473684","WI.C","22",22.864,19.977,25.751
"228","WI","2012-08-05",7,"E",0,0,1,4,1,0,74,0,0,0,0,0,0,2,56,2,0,0,1,0,0,111,0,0,0,1,0,11,0,14,4,0,1,0,14,283,1.49490780579404,2.18902235043875,20.6,10.6,0.63,0.26,20.96666667,7,0.3,191429,15.7842105263158,"0.339644343303565","0.203406476118848","0.475882210488282","0.526315789473684","WI.C","22",22.864,19.977,25.751
"229","WI","2012-08-05",8,"E",0,0,0,7,0,0,156,1,0,0,0,0,0,6,5,1,0,0,0,4,1,498,0,0,1,0,0,12,0,16,0,0,18,0,13,726,1.20122820632631,2.02869166595142,20.6,10.6,0.63,0.26,20.96666667,7,0.3,191429,15.7842105263158,"0.339644343303565","0.203406476118848","0.475882210488282","0.526315789473684","WI.C","22",22.864,19.977,25.751
"230","WI","2012-08-05",9,"E",0,0,3,4,0,1,131,0,0,0,0,0,0,11,59,1,0,0,0,10,3,407,0,0,0,0,0,6,17,31,0,0,1,0,14,685,1.36535962004471,2.10294709911705,20.6,10.6,0.63,0.26,20.96666667,7,0.3,191429,15.7842105263158,"0.339644343303565","0.203406476118848","0.475882210488282","0.526315789473684","WI.C","22",22.864,19.977,25.751
"231","WI","2012-08-05",10,"E",0,0,1,3,1,0,90,1,0,0,0,0,0,12,38,0,0,0,1,13,10,215,0,0,0,0,1,11,2,30,1,0,0,0,16,430,1.49575804827707,2.16150543421979,20.6,10.6,0.63,0.26,20.96666667,7,0.3,191429,15.7842105263158,"0.339644343303565","0.203406476118848","0.475882210488282","0.526315789473684","WI.C","22",22.864,19.977,25.751
"232","WI","2012-08-05",11,"E",0,0,3,0,0,0,26,0,0,0,0,0,0,4,18,1,0,0,0,2,0,41,0,0,0,0,0,0,0,8,0,0,0,0,8,103,1.47722770685627,2.19685754481762,20.6,10.6,0.63,0.26,20.96666667,7,0.3,191429,15.7842105263158,"0.339644343303565","0.203406476118848","0.475882210488282","0.526315789473684","WI.C","22",22.864,19.977,25.751
"233","WI","2012-08-05",12,"E",0,0,1,2,1,0,156,1,0,0,0,0,0,26,22,1,0,0,2,0,0,206,0,0,0,0,0,4,1,25,0,0,0,0,13,448,1.37185726367319,2.13777790684911,20.6,10.6,0.63,0.26,20.96666667,7,0.3,191429,15.7842105263158,"0.339644343303565","0.203406476118848","0.475882210488282","0.526315789473684","WI.C","22",22.864,19.977,25.751
"234","WI","2012-08-05",13,"E",0,0,1,11,0,0,76,0,1,0,0,0,0,2,27,0,0,0,0,6,0,253,0,0,0,0,0,2,1,37,0,0,3,0,12,420,1.33842850874131,2.09841309914265,20.6,10.6,0.63,0.26,20.96666667,7,0.3,191429,15.7842105263158,"0.339644343303565","0.203406476118848","0.475882210488282","0.526315789473684","WI.C","22",22.864,19.977,25.751
"235","WI","2012-08-05",14,"E",0,0,6,9,0,0,152,0,0,0,0,0,0,5,129,0,0,0,0,5,4,762,0,0,0,0,0,6,13,64,0,0,5,0,12,1160,1.28260867834106,2.06316079971047,20.6,10.6,0.63,0.26,20.96666667,7,0.3,191429,15.7842105263158,"0.339644343303565","0.203406476118848","0.475882210488282","0.526315789473684","WI.C","22",22.864,19.977,25.751
"236","WI","2012-08-05",15,"E",0,0,6,14,2,0,181,0,0,0,1,0,0,15,77,4,1,0,0,32,1,1525,0,0,0,0,1,14,9,68,0,0,0,0,16,1951,1.14878407823325,1.96797841276479,20.6,10.6,0.63,0.26,20.96666667,7,0.3,191429,15.7842105263158,"0.339644343303565","0.203406476118848","0.475882210488282","0.526315789473684","WI.C","22",22.864,19.977,25.751
"237","WI","2012-08-05",16,"E",0,1,2,3,0,0,70,0,1,0,0,0,0,4,32,1,0,0,0,5,2,350,0,0,0,0,0,6,21,28,0,1,3,0,16,530,1.3300397369881,2.06611325321728,20.6,10.6,0.63,0.26,20.96666667,7,0.3,191429,15.7842105263158,"0.339644343303565","0.203406476118848","0.475882210488282","0.526315789473684","WI.C","22",22.864,19.977,25.751
"238","BE",NA,NA,NA,NA,NA,NA,NA,NA,NA,NA,NA,NA,NA,NA,NA,NA,NA,NA,NA,NA,NA,NA,NA,NA,NA,NA,NA,NA,NA,NA,NA,NA,NA,NA,NA,NA,NA,NA,NA,NA,NA,19.4,9.4,0.12,0.1,23.5,7,0.18,58973,12.8118644067797,"0.440178087571884","0.29365139421322","0.586704780930547","0.615384615384615","BE.C","17",18.656,14.03,23.282
"239","BI",NA,NA,NA,NA,NA,NA,NA,NA,NA,NA,NA,NA,NA,NA,NA,NA,NA,NA,NA,NA,NA,NA,NA,NA,NA,NA,NA,NA,NA,NA,NA,NA,NA,NA,NA,NA,NA,NA,NA,NA,NA,5,5,0.61,0.4,15.7,5.5,0.67,51587,15.5854166666667,"0.253963918783698","0.0709019194109852","0.43702591815641","0.4375","BI.C","20",19.397,16.726,22.069
"240","CC",NA,NA,NA,NA,NA,NA,NA,NA,NA,NA,NA,NA,NA,NA,NA,NA,NA,NA,NA,NA,NA,NA,NA,NA,NA,NA,NA,NA,NA,NA,NA,NA,NA,NA,NA,NA,NA,NA,NA,NA,NA,2.2,2.2,0.95,0.25,15.8,6,0.08,29414,16.8769230769231,"0.200895420442068","0.0180322343463955","0.383758606537741","0.4","CC.C","11",11,9.778,12.222
"241","EI",NA,NA,NA,NA,NA,NA,NA,NA,NA,NA,NA,NA,NA,NA,NA,NA,NA,NA,NA,NA,NA,NA,NA,NA,NA,NA,NA,NA,NA,NA,NA,NA,NA,NA,NA,NA,NA,NA,NA,NA,NA,19,9,0.76,0.25,21.5,12.5,0.14,97169,16.1757575757576,"0.227153013832138","0.071589957920741","0.382716069743534","0.5","EI.C","19",19.397,16.726,22.069
