site,date,Time Code,Sample,Sieve,Pentidotea resecata,Phyllaplysia taylori,Caprella spp.,Aoroides columbiae,Photis brevipes,Eogammarus confervicolus,Pontogeneia rostrata,Amphipoda spp.,Monocorophium achersicum,Lottia pelta,Leptochelia dubia,Platynereis bicanaliculata,Balanus spp.,Pycnogonum sp.,Pugettia richii,Mytilus trossulus,Nebalia sp.,Pagurus quaylei,Lacuna spp.,Janua pagastecheri,Cirolana harfordi,Halacarid mite,Nemertea,Amphithoe spp.,Pandalidae,Haminoea spp.,Harpacticoid copepod,Margarites helicinus,Alia carinata,Nematode
DC,5/28/12,A,1,8,0,0,0,0,0,0,0,0,0,0,0,0,0,0,0,0,0,0,0,0,0,0,0,0,0,0,0,0,0,0
DC,5/28/12,A,1,4,0,3,0,0,0,0,0,0,0,0,0,0,0,0,0,0,0,0,0,0,0,0,0,0,0,0,0,0,0,0
DC,5/28/12,A,1,2,0,0,1,0,0,0,0,0,0,0,0,0,0,0,0,0,0,0,0,0,0,0,0,0,0,0,0,0,0,0
DC,5/28/12,A,1,1,0,0,4,8,0,0,0,0,0,0,0,0,0,0,0,0,0,0,0,0,0,0,0,0,0,0,0,0,0,0
DC,5/28/12,A,2,8,0,4,3,0,0,0,0,0,0,0,0,0,0,0,1,0,0,0,0,0,0,0,0,0,0,0,0,0,0,0
DC,5/28/12,A,2,4,0,1,8,0,0,0,0,0,0,0,0,0,0,0,0,0,0,0,0,0,0,0,0,0,0,0,0,0,0,0
DC,5/28/12,A,2,2,0,0,22,0,0,0,0,0,0,0,0,0,0,0,0,0,0,0,0,0,0,0,0,0,0,0,0,0,0,0
DC,5/28/12,A,2,1,1,0,30,0,0,1,0,0,0,0,1,0,0,0,0,0,0,0,0,0,0,0,0,0,0,0,0,0,0,0
DC,5/28/12,A,3,8,0,3,24,1,0,0,0,0,0,0,0,0,0,0,0,0,0,0,0,0,0,0,0,0,0,0,0,0,0,0
DC,5/28/12,A,3,4,0,1,9,0,0,0,0,0,0,0,0,0,0,0,0,0,0,0,0,0,0,0,0,0,0,0,0,0,0,0
DC,5/28/12,A,3,2,1,0,20,1,0,0,0,0,0,0,0,0,0,0,0,0,0,0,0,0,0,0,0,0,0,0,0,0,0,0
DC,5/28/12,A,3,1,5,0,42,39,0,0,0,0,0,0,2,0,0,0,0,0,0,1,0,0,0,0,0,0,0,0,0,0,0,0
DC,5/28/12,A,4,8,0,2,0,0,0,0,0,0,0,0,0,0,0,0,0,0,0,0,0,0,0,0,0,0,0,0,0,0,0,0
DC,5/28/12,A,4,4,0,0,4,0,0,0,0,0,0,0,0,0,0,0,0,0,0,0,0,0,0,0,0,0,0,0,0,0,0,0
DC,5/28/12,A,4,2,0,0,4,0,0,0,0,0,0,0,0,2,0,0,0,0,0,0,0,0,0,0,0,0,0,0,0,0,0,0
DC,5/28/12,A,4,1,1,0,18,7,2,0,0,0,3,0,0,2,0,0,0,0,0,0,0,0,0,0,0,0,0,0,0,0,0,0
DC,5/28/12,A,5,8,1,0,1,0,0,0,0,0,0,0,0,1,0,0,0,0,0,0,0,0,0,0,0,0,0,0,0,0,0,0
DC,5/28/12,A,5,4,0,0,7,1,0,0,0,0,0,0,0,0,0,0,0,0,0,0,0,0,0,0,0,0,0,0,0,0,0,0
DC,5/28/12,A,5,2,0,0,8,1,1,0,0,0,0,0,0,0,0,0,0,0,0,0,0,0,0,0,0,0,0,0,0,0,0,0
DC,5/28/12,A,5,1,2,0,22,36,0,0,2,0,0,0,0,1,0,0,1,0,0,0,2,0,0,0,0,1,0,0,1,0,0,0
DC,5/28/12,A,6,8,0,2,5,0,0,0,0,0,0,0,0,0,0,0,0,0,0,0,0,0,0,0,0,0,0,0,0,0,0,0
DC,5/28/12,A,6,4,0,0,1,0,0,0,0,0,0,0,0,0,0,0,0,0,0,0,0,0,0,0,0,0,0,0,0,0,0,0
DC,5/28/12,A,6,2,0,0,1,0,0,0,0,0,0,0,0,0,0,0,0,0,0,0,0,0,0,0,0,0,0,0,0,0,0,0
DC,5/28/12,A,6,1,14,0,9,14,5,0,0,0,6,0,0,0,0,0,0,0,0,0,1,0,0,0,0,0,0,0,0,0,0,0
DC,5/28/12,A,7,8,0,0,0,0,0,0,0,0,0,0,0,0,0,0,0,0,0,0,0,0,0,0,0,0,0,0,0,0,0,0
DC,5/28/12,A,7,4,0,1,9,0,0,0,0,0,0,0,0,0,0,0,0,0,0,0,0,0,0,0,0,0,0,0,0,0,0,0
DC,5/28/12,A,7,2,0,0,4,0,0,0,0,0,0,0,0,0,0,0,0,0,0,0,0,0,0,0,0,0,0,0,0,0,0,0
DC,5/28/12,A,7,1,0,0,10,21,0,0,0,0,0,0,0,0,0,0,0,0,0,0,0,0,0,0,0,5,0,0,0,0,0,0
DC,5/28/12,A,8,8,0,4,9,0,0,0,0,0,0,0,0,0,0,0,0,0,0,0,0,0,0,0,0,0,0,0,0,0,0,0
DC,5/28/12,A,8,4,0,0,9,0,0,0,0,0,0,0,0,0,0,0,0,0,0,0,0,0,0,0,0,0,0,0,0,0,0,0
DC,5/28/12,A,8,2,0,0,16,0,0,0,0,0,0,0,0,0,0,0,0,0,0,0,0,0,0,0,0,0,0,0,0,0,0,0
DC,5/28/12,A,8,1,1,0,16,5,3,2,0,0,0,0,0,0,0,0,0,0,0,0,2,0,0,0,0,0,0,0,0,0,0,0
DC,5/28/12,A,9,8,0,2,5,0,0,0,0,0,0,0,0,0,0,0,0,0,0,0,0,0,0,0,0,0,0,0,0,0,0,0
DC,5/28/12,A,9,4,0,0,6,0,0,0,0,0,0,0,0,0,0,0,0,0,0,0,0,0,0,0,0,0,0,0,0,0,0,0
DC,5/28/12,A,9,2,0,0,18,0,0,0,0,0,0,0,0,0,0,0,0,0,0,0,0,0,0,0,0,0,0,0,0,0,0,0
DC,5/28/12,A,9,1,0,0,26,19,0,4,2,0,1,0,0,0,0,0,0,0,0,0,1,0,0,0,0,0,0,0,0,0,0,0
DC,5/28/12,A,10,8,0,1,3,0,0,0,0,0,0,0,0,0,0,0,0,0,0,0,0,0,0,0,0,0,0,0,0,0,0,0
DC,5/28/12,A,10,4,0,0,3,1,0,0,0,0,0,0,0,0,0,0,0,0,0,0,0,0,0,0,0,0,0,0,0,0,0,0
DC,5/28/12,A,10,2,0,0,9,1,1,0,0,0,0,0,0,0,0,0,0,0,0,0,0,0,0,0,0,0,0,0,0,0,0,0
DC,5/28/12,A,10,1,0,0,21,18,1,1,1,0,4,0,0,0,0,0,0,0,0,0,2,0,0,0,0,0,0,0,0,0,0,0
DC,5/28/12,A,11,8,0,0,3,0,0,0,0,0,0,0,0,0,0,0,0,0,0,0,0,0,0,0,0,0,0,0,0,0,0,0
DC,5/28/12,A,11,4,0,0,6,0,1,0,0,0,0,0,0,0,0,0,0,0,0,0,0,0,0,0,0,0,0,0,0,0,0,0
DC,5/28/12,A,11,2,0,0,9,0,0,0,0,0,0,0,0,0,0,0,0,0,0,0,0,0,0,0,0,0,0,0,0,0,0,0
DC,5/28/12,A,11,1,3,0,16,6,1,0,0,0,1,0,0,2,0,0,0,0,0,0,0,0,0,0,0,0,0,0,0,0,0,0
DC,5/28/12,A,12,8,1,3,1,1,0,0,0,0,0,0,0,0,0,0,0,0,0,0,0,0,0,0,0,0,0,0,0,0,0,0
DC,5/28/12,A,12,4,0,0,2,0,0,0,0,0,0,0,0,0,0,0,0,0,0,0,0,0,0,0,0,0,0,0,0,0,0,0
DC,5/28/12,A,12,2,0,0,9,1,0,0,0,0,0,0,0,0,0,0,0,0,0,0,0,0,0,0,0,0,0,0,0,0,0,0
DC,5/28/12,A,12,1,0,0,28,25,1,2,2,0,3,0,0,6,0,0,0,0,0,0,0,0,0,0,0,0,0,0,0,0,0,0
DC,5/28/12,A,13,8,0,0,0,0,0,0,0,0,0,0,0,0,0,0,0,0,0,0,0,0,0,0,0,0,0,0,0,0,0,0
DC,5/28/12,A,13,4,0,0,6,0,0,0,0,0,0,0,0,0,0,0,0,0,0,0,0,0,0,0,0,0,0,0,0,0,0,0
DC,5/28/12,A,13,2,0,0,13,0,0,0,0,0,0,0,0,0,0,0,0,0,0,0,0,0,0,0,0,0,0,0,0,0,0,0
DC,5/28/12,A,13,1,0,0,34,14,0,0,0,0,1,0,0,1,0,0,0,0,0,0,0,0,0,0,0,0,0,0,0,0,0,0
DC,5/28/12,A,14,8,1,0,0,0,0,1,0,0,0,0,0,0,0,0,0,0,0,0,0,0,0,0,0,0,0,0,0,0,0,0
DC,5/28/12,A,14,4,0,0,6,0,0,0,0,0,0,0,0,0,0,0,0,0,0,0,0,0,0,0,0,0,0,0,0,0,0,0
DC,5/28/12,A,14,2,0,0,4,0,2,0,1,0,0,0,0,0,0,0,0,0,0,0,0,0,0,0,0,0,0,0,0,0,0,0
DC,5/28/12,A,14,1,1,0,13,19,9,0,0,0,2,0,0,0,0,0,0,0,0,0,0,0,0,0,0,0,0,0,0,0,0,0
DC,5/28/12,A,15,8,0,0,2,0,0,0,0,0,0,0,0,0,0,0,0,0,0,0,0,0,0,0,0,0,0,0,0,0,0,0
DC,5/28/12,A,15,4,0,0,3,0,0,0,0,0,0,0,0,1,0,0,0,0,0,0,0,0,0,0,0,0,0,0,0,0,0,0
DC,5/28/12,A,15,2,0,0,6,0,0,0,0,0,0,0,0,1,0,0,0,0,0,0,0,0,0,0,0,0,0,0,0,0,0,0
DC,5/28/12,A,15,1,1,0,18,15,2,0,1,0,2,0,0,1,0,0,0,0,0,0,0,0,0,0,0,0,0,0,0,0,0,0
DC,5/28/12,A,16,8,0,1,6,0,0,0,0,0,0,0,0,0,0,0,0,0,0,0,0,0,0,0,0,0,0,0,0,0,0,0
DC,5/28/12,A,16,4,0,3,8,0,0,0,0,0,0,0,0,0,0,0,0,0,0,0,0,0,0,0,0,0,0,0,0,0,0,0
DC,5/28/12,A,16,2,1,0,1,0,0,0,0,0,0,0,0,0,0,0,0,0,0,0,0,0,0,0,0,0,0,0,0,0,0,0
DC,5/28/12,A,16,1,1,0,21,10,2,2,1,0,1,0,0,0,0,0,0,0,0,0,2,0,0,0,0,0,0,0,0,0,0,0
WI,5/20/12,A,1,8,0,0,0,0,0,0,0,0,0,0,0,0,0,0,0,0,0,0,0,0,0,0,0,0,0,0,0,0,0,0
WI,5/20/12,A,1,4,1,0,0,0,0,0,0,0,0,0,0,0,0,0,0,0,0,0,0,0,0,0,0,0,0,0,0,0,0,0
WI,5/20/12,A,1,2,0,0,1,0,0,0,0,0,0,0,0,1,0,0,0,0,0,0,0,0,0,0,0,0,0,0,0,0,0,0
WI,5/20/12,A,1,1,0,0,1,2,0,0,0,1,0,0,0,6,0,0,0,0,0,0,0,0,0,0,0,0,0,0,0,0,0,0
WI,5/20/12,A,2,8,0,0,0,0,0,0,0,0,0,0,0,0,0,0,0,0,0,0,0,0,0,0,0,0,0,0,0,0,0,0
WI,5/20/12,A,2,4,0,0,0,0,0,0,0,0,0,0,0,0,0,0,0,0,0,0,0,0,0,0,0,0,0,0,0,0,0,0
WI,5/20/12,A,2,2,0,0,0,0,0,0,0,0,0,0,0,0,0,0,0,1,0,0,0,0,0,0,0,0,0,0,1,0,0,0
WI,5/20/12,A,2,1,0,0,0,0,0,0,2,0,0,0,0,4,0,0,0,0,0,0,0,0,0,0,0,0,0,0,1,0,0,1
WI,5/20/12,A,3,8,0,0,0,0,0,0,0,0,0,0,0,0,0,0,0,0,0,0,0,0,0,0,0,0,0,0,0,0,0,0
WI,5/20/12,A,3,4,0,0,0,0,0,0,0,0,0,0,0,0,0,0,0,0,0,0,0,0,0,0,0,0,0,0,0,0,0,0
WI,5/20/12,A,3,2,0,0,0,0,0,0,0,0,0,0,0,0,0,0,0,0,0,0,0,0,0,0,0,0,0,0,0,0,0,0
WI,5/20/12,A,3,1,0,0,0,3,0,1,1,0,0,0,0,0,0,0,0,0,1,0,0,0,0,0,0,0,0,0,1,0,0,0
WI,5/20/12,A,4,8,0,0,0,0,0,0,0,0,0,0,0,0,0,0,0,0,0,0,1,0,0,0,0,0,0,0,0,0,0,23
WI,5/20/12,A,4,4,2,1,0,0,0,0,0,0,0,0,1,0,0,0,0,0,0,0,0,0,0,0,0,0,0,0,0,0,0,0
WI,5/20/12,A,4,2,0,0,0,2,1,0,1,0,0,0,2,1,0,0,0,0,0,0,0,0,0,0,0,0,0,0,0,0,0,0
WI,5/20/12,A,4,1,0,0,0,5,2,2,5,0,0,0,12,8,0,0,0,0,0,0,0,0,0,0,0,0,0,0,0,0,0,0
WI,5/20/12,A,5,8,0,0,0,0,0,0,0,0,0,0,0,0,0,0,0,0,0,0,0,0,0,0,0,1,0,0,0,0,0,5
WI,5/20/12,A,5,4,0,0,0,0,0,0,0,0,0,1,0,0,0,0,0,0,0,0,0,0,0,0,0,0,0,0,0,0,0,0
WI,5/20/12,A,5,2,0,0,0,0,1,0,0,0,0,0,0,0,0,0,0,0,0,0,0,0,0,0,0,0,0,0,0,0,0,0
WI,5/20/12,A,5,1,0,0,0,3,0,1,2,0,0,0,2,15,0,0,0,0,0,1,0,0,1,0,0,0,0,0,0,0,0,0
WI,5/20/12,A,6,8,2,0,0,0,0,0,0,0,0,0,0,0,0,0,0,0,0,0,0,0,0,0,0,0,0,0,0,0,0,0
WI,5/20/12,A,6,4,0,0,0,0,0,0,0,0,0,0,0,0,0,0,0,0,0,0,0,0,0,0,0,0,0,0,0,0,0,0
WI,5/20/12,A,6,2,0,0,0,0,0,0,0,0,0,0,0,0,0,1,0,0,0,0,0,0,0,0,0,0,0,0,2,0,0,0
WI,5/20/12,A,6,1,0,0,0,1,3,1,2,0,2,0,3,0,0,0,0,0,0,0,0,0,1,0,0,0,0,0,0,0,0,0
WI,5/20/12,A,7,8,0,0,0,0,0,0,0,0,0,0,0,0,0,0,0,0,0,0,0,0,0,0,0,0,0,0,0,0,0,2
WI,5/20/12,A,7,4,1,0,0,0,0,0,0,0,0,0,0,0,0,0,0,0,0,0,0,0,0,0,0,0,0,0,0,0,0,0
WI,5/20/12,A,7,2,0,0,0,0,1,0,0,0,0,0,0,0,0,0,0,1,0,0,0,0,0,0,0,0,0,0,0,0,0,0
WI,5/20/12,A,7,1,0,0,1,0,0,0,0,0,0,0,1,4,0,0,0,0,0,0,0,0,0,0,0,0,0,0,0,0,0,0
WI,5/20/12,A,8,8,0,0,0,0,0,0,0,0,0,0,0,1,0,0,0,0,0,0,0,0,0,0,0,0,0,0,0,0,0,0
WI,5/20/12,A,8,4,1,0,0,0,0,0,0,0,0,0,0,1,0,0,0,0,0,0,0,0,0,0,0,0,0,0,0,0,0,0
WI,5/20/12,A,8,2,0,0,0,0,1,0,1,0,0,0,0,0,0,0,0,0,0,0,0,0,0,0,0,0,0,0,2,0,0,0
WI,5/20/12,A,8,1,1,0,0,4,3,0,2,0,0,0,1,1,0,0,0,0,0,0,1,0,1,0,0,0,0,0,0,0,0,2
WI,5/20/12,A,9,8,0,0,0,0,0,0,0,0,0,0,0,0,0,0,0,0,0,0,0,0,0,0,0,0,0,0,0,0,0,0
WI,5/20/12,A,9,4,0,0,0,0,0,0,0,0,0,0,0,0,0,0,0,1,0,0,0,0,0,0,0,0,0,0,0,0,0,0
WI,5/20/12,A,9,2,0,0,0,1,2,0,0,0,0,0,0,0,0,0,0,0,0,0,0,0,0,0,0,0,0,0,0,0,0,0
WI,5/20/12,A,9,1,0,0,1,3,2,0,4,0,0,0,0,1,0,0,0,0,0,0,3,0,0,0,0,0,0,0,0,0,0,0
WI,5/20/12,A,10,8,0,0,0,0,1,0,0,0,0,0,0,0,0,0,0,0,0,0,0,0,0,0,0,0,0,0,0,0,0,0
WI,5/20/12,A,10,4,0,0,0,0,0,0,0,0,0,0,0,0,0,0,0,0,0,0,0,0,0,0,0,0,0,0,0,0,0,0
WI,5/20/12,A,10,2,0,0,0,0,2,0,0,0,0,0,0,0,0,0,0,0,0,0,0,0,0,0,0,0,0,0,0,0,0,0
WI,5/20/12,A,10,1,1,0,0,2,8,1,4,0,1,0,0,5,0,0,0,0,0,0,5,0,2,0,0,0,0,0,0,0,0,3
WI,5/20/12,A,11,8,0,0,0,0,0,0,0,0,0,0,0,0,0,0,0,1,0,0,0,0,0,0,0,0,0,0,0,0,0,1
WI,5/20/12,A,11,4,1,0,0,0,0,0,0,0,0,0,0,0,0,0,0,0,0,0,0,0,0,0,0,0,0,0,0,0,0,0
WI,5/20/12,A,11,2,0,0,0,0,0,0,0,0,0,0,0,0,0,0,0,0,0,0,0,0,1,0,0,0,0,0,0,0,0,0
WI,5/20/12,A,11,1,1,0,0,1,0,0,2,0,0,0,1,2,0,0,0,0,0,1,0,0,1,0,0,0,0,0,1,0,0,0
WI,5/20/12,A,12,8,0,0,0,0,1,0,0,0,0,0,0,0,0,0,0,0,0,0,1,0,0,0,0,1,0,0,0,0,0,0
WI,5/20/12,A,12,4,0,0,0,0,0,0,0,0,0,0,0,0,0,0,0,0,0,0,2,0,0,0,0,31,0,0,0,0,0,0
WI,5/20/12,A,12,2,0,0,0,0,1,0,3,0,0,0,0,0,0,0,0,0,0,0,0,0,0,0,0,0,0,0,0,0,0,0
WI,5/20/12,A,12,1,0,0,0,4,0,8,24,0,2,0,1,1,0,0,0,0,0,0,0,0,1,0,0,3,0,0,0,0,0,0
WI,5/20/12,A,13,8,0,0,0,0,0,0,0,0,0,0,0,0,0,0,0,0,0,0,0,0,0,0,0,1,0,0,1,0,0,4
WI,5/20/12,A,13,4,1,0,0,0,0,0,0,0,0,0,0,0,0,0,0,0,0,0,0,0,0,0,0,0,0,0,0,0,0,0
WI,5/20/12,A,13,2,0,0,0,0,0,0,0,0,0,0,0,0,0,0,0,0,0,0,0,0,0,0,0,0,0,0,0,0,0,0
WI,5/20/12,A,13,1,0,0,0,0,0,0,0,0,0,0,0,1,0,0,0,0,0,0,0,0,1,0,0,0,0,0,0,0,0,0
WI,5/20/12,A,14,8,0,0,0,0,0,0,0,0,0,0,0,0,0,0,0,0,0,0,0,0,0,0,0,0,0,0,0,0,0,0
WI,5/20/12,A,14,4,0,0,0,0,0,0,0,0,0,0,0,0,0,0,0,0,0,0,0,0,0,0,0,0,0,0,0,0,0,0
WI,5/20/12,A,14,2,0,0,0,0,0,0,0,0,0,0,0,0,0,0,0,0,0,0,0,0,0,0,0,0,0,0,0,0,0,0
WI,5/20/12,A,14,1,1,0,0,0,0,0,0,0,0,0,0,0,0,0,0,0,0,0,0,0,0,2,0,0,0,0,0,0,0,0
WI,5/20/12,A,15,8,0,0,0,0,0,0,0,0,0,0,0,0,0,0,0,0,0,0,0,0,0,0,0,0,0,0,0,0,0,0
WI,5/20/12,A,15,4,0,0,0,0,0,0,0,0,0,0,0,0,0,0,0,0,0,0,0,0,0,0,0,0,0,0,0,0,0,4
WI,5/20/12,A,15,2,0,0,0,0,0,0,0,0,0,0,0,0,0,0,0,0,0,0,0,0,0,0,0,0,0,0,0,0,0,0
WI,5/20/12,A,15,1,2,0,0,0,0,1,2,0,0,0,0,3,0,0,0,0,0,0,0,0,1,0,0,0,0,0,0,0,0,0
WI,5/20/12,A,16,8,1,0,0,0,0,0,0,0,0,0,0,0,0,0,0,0,0,0,0,0,0,1,0,0,0,0,0,0,0,11
WI,5/20/12,A,16,4,0,0,0,0,0,0,0,0,0,0,0,0,0,0,0,0,0,0,0,0,0,0,0,0,0,0,0,0,0,2
WI,5/20/12,A,16,2,0,0,0,0,0,0,0,0,0,0,0,0,0,0,0,0,0,0,0,0,0,0,0,0,0,0,0,0,0,0
WI,5/20/12,A,16,1,0,0,2,0,0,0,1,0,0,0,0,2,0,0,0,0,0,0,0,0,1,0,0,0,0,0,0,0,0,0
RP,5/22/12,A,1,8,0,1,7,0,0,0,0,0,0,0,0,0,0,0,0,0,0,0,0,0,0,0,0,0,0,0,0,0,0,0
RP,5/22/12,A,1,4,0,1,1,0,0,0,0,1,0,0,0,1,0,0,0,0,0,0,0,0,0,0,0,1,0,0,0,0,0,0
RP,5/22/12,A,1,2,0,0,0,0,0,0,0,0,0,0,0,1,0,0,0,0,0,0,0,0,0,0,0,0,0,0,0,0,0,0
RP,5/22/12,A,1,1,1,0,13,3,0,0,0,0,0,0,0,2,0,0,0,0,0,0,0,0,0,0,0,0,0,0,0,0,0,0
RP,5/22/12,A,2,8,0,0,0,0,0,0,0,0,0,0,0,0,0,0,0,0,0,0,0,0,0,0,0,0,0,0,0,0,0,0
RP,5/22/12,A,2,4,0,0,5,0,0,0,0,0,0,0,0,1,0,0,0,0,0,0,0,0,0,0,0,0,0,0,0,0,0,0
RP,5/22/12,A,2,2,0,0,3,0,0,0,0,0,0,0,0,0,0,0,0,0,0,0,0,0,0,0,0,0,0,0,0,0,0,0
RP,5/22/12,A,2,1,0,0,19,4,1,0,0,0,0,0,0,0,0,0,0,0,0,0,0,0,0,0,0,0,0,0,0,0,0,0
RP,5/22/12,A,3,8,0,0,4,0,0,0,0,0,0,0,0,1,0,0,0,0,0,0,0,0,0,0,0,0,0,0,0,0,0,0
RP,5/22/12,A,3,4,0,0,5,0,0,0,0,0,0,0,0,1,0,0,0,0,0,0,0,0,0,0,0,0,0,0,0,0,0,0
RP,5/22/12,A,3,2,0,0,5,0,1,0,0,0,0,0,0,4,0,0,0,0,0,0,0,0,0,0,0,0,0,0,0,0,0,0
RP,5/22/12,A,3,1,0,0,0,0,0,0,0,0,0,0,0,1,0,0,0,0,0,0,2,5,0,0,0,0,0,0,0,0,0,0
RP,5/22/12,A,5,8,0,1,20,0,0,0,0,0,0,0,0,2,0,0,0,0,0,0,0,1,0,0,0,0,0,0,0,0,0,0
RP,5/22/12,A,5,4,0,1,6,0,0,0,0,0,0,0,0,1,0,0,0,0,0,0,0,0,0,0,0,0,0,0,0,0,0,0
RP,5/22/12,A,5,2,0,0,5,0,1,0,0,0,1,0,0,3,0,0,0,0,0,0,0,0,0,0,0,0,0,0,0,0,0,0
RP,5/22/12,A,5,1,0,0,34,17,0,0,0,0,0,0,0,6,0,0,0,0,0,0,0,12,0,0,0,0,0,0,0,0,0,0
RP,5/22/12,A,6,8,0,3,10,0,0,0,0,0,0,0,1,1,0,0,0,0,0,0,0,0,0,0,0,0,0,0,0,0,0,0
RP,5/22/12,A,6,4,0,1,1,0,0,0,0,0,0,0,0,1,0,0,0,0,0,0,0,0,0,0,0,1,0,0,0,0,0,0
RP,5/22/12,A,6,2,0,0,11,0,0,0,0,0,0,0,0,2,0,0,0,0,0,0,0,0,0,0,0,0,0,0,0,0,0,0
RP,5/22/12,A,6,1,2,0,15,4,0,0,0,0,0,0,3,12,0,0,0,0,0,0,0,2,0,0,0,0,0,0,0,0,0,0
RP,5/22/12,A,7,8,2,1,8,0,0,0,0,0,0,0,2,1,0,0,0,0,0,0,0,0,0,0,0,0,0,0,0,0,0,0
RP,5/22/12,A,7,4,0,1,10,0,0,0,0,0,0,0,2,1,0,0,0,0,0,0,0,1,0,0,0,0,0,0,0,0,0,0
RP,5/22/12,A,7,2,1,0,4,0,0,0,0,0,0,0,0,3,0,0,0,0,0,0,0,0,0,0,0,0,0,0,0,0,0,0
RP,5/22/12,A,7,1,1,0,11,5,0,0,0,0,0,0,2,1,0,0,0,0,0,0,1,0,0,0,0,0,0,0,0,0,0,0
RP,5/22/12,A,8,8,0,1,16,0,0,0,0,0,0,0,0,1,0,0,0,0,0,0,0,0,0,0,0,0,0,0,0,0,0,0
RP,5/22/12,A,8,4,0,1,4,0,0,0,0,0,0,0,0,1,0,0,0,0,0,0,0,0,0,0,0,0,0,0,0,0,0,0
RP,5/22/12,A,8,2,0,0,5,0,0,0,0,0,0,0,0,3,0,0,0,0,0,0,0,0,0,0,0,0,0,0,0,0,0,0
RP,5/22/12,A,8,1,2,0,26,0,0,1,0,0,0,0,1,7,0,0,0,0,0,0,0,0,0,0,0,0,0,0,0,0,0,0
RP,5/22/12,A,9,8,0,0,8,0,0,0,0,0,0,0,0,0,0,0,0,0,0,0,0,0,0,0,0,0,0,0,0,0,0,0
RP,5/22/12,A,9,4,0,1,3,0,0,0,0,0,0,0,0,1,0,0,0,0,0,0,0,0,0,0,0,0,0,0,0,0,0,0
RP,5/22/12,A,9,2,0,0,6,0,0,0,0,0,0,0,0,2,0,0,0,0,0,0,0,0,0,0,0,0,0,0,0,0,0,0
RP,5/22/12,A,9,1,0,0,21,0,0,0,2,0,0,0,0,2,0,0,0,0,0,0,1,0,0,0,0,0,0,0,0,0,0,0
RP,5/22/12,A,10,8,0,0,8,0,0,0,0,0,0,0,0,1,0,0,0,0,0,0,0,0,0,0,0,0,0,0,0,0,0,0
RP,5/22/12,A,10,4,0,0,4,0,0,0,0,0,0,0,0,0,0,0,0,0,0,0,0,0,0,0,0,0,0,0,0,0,0,0
RP,5/22/12,A,10,2,0,0,3,0,0,0,0,0,0,0,0,0,0,0,0,0,0,0,0,0,0,0,0,0,0,0,0,0,0,0
RP,5/22/12,A,10,1,0,0,16,0,0,0,0,0,0,0,0,2,0,0,0,0,0,0,0,0,0,0,0,0,0,0,0,0,0,0
RP,5/22/12,A,11,8,1,1,1,0,0,0,0,0,0,0,0,0,0,0,0,0,0,0,0,0,0,0,0,0,0,0,0,0,0,0
RP,5/22/12,A,11,4,0,1,6,0,0,0,0,0,0,0,0,1,0,0,0,0,0,0,0,0,0,0,0,0,0,0,0,0,0,0
RP,5/22/12,A,11,2,0,0,7,0,0,0,0,0,0,0,0,0,0,0,0,0,0,0,0,0,0,0,0,0,0,0,0,0,0,0
RP,5/22/12,A,11,1,0,0,31,13,0,0,0,0,0,0,1,3,0,0,0,0,0,0,0,0,0,0,0,0,0,0,0,0,0,0
RP,5/22/12,A,12,8,0,0,3,0,0,0,0,0,0,0,0,0,0,0,0,0,0,0,0,0,0,0,0,0,0,0,0,0,0,0
RP,5/22/12,A,12,4,0,0,5,0,0,0,0,0,0,0,0,0,0,0,0,0,0,0,0,0,0,0,0,0,0,0,0,0,0,0
RP,5/22/12,A,12,2,0,0,4,0,0,0,0,0,0,0,0,3,0,0,0,0,0,0,0,0,0,0,0,0,0,0,0,0,0,0
RP,5/22/12,A,12,1,0,0,30,0,0,0,0,0,0,0,0,2,0,0,0,0,0,0,0,3,0,0,0,0,0,0,0,0,0,0
RP,5/22/12,A,13,8,1,2,1,0,0,0,0,0,0,0,0,0,0,0,0,0,0,0,0,0,0,0,0,0,0,0,0,0,0,0
RP,5/22/12,A,13,4,0,0,4,0,0,0,0,0,0,0,0,0,0,0,0,0,0,0,0,0,0,0,0,0,0,0,0,0,0,0
RP,5/22/12,A,13,2,0,0,6,0,0,0,0,0,0,0,0,0,0,0,0,0,0,0,0,0,0,0,0,0,0,0,0,0,0,0
RP,5/22/12,A,13,1,0,0,12,5,0,0,0,0,0,0,0,1,0,0,0,0,0,0,0,2,0,0,0,0,0,0,0,0,0,0
RP,5/22/12,A,14,8,0,2,4,0,0,0,0,0,0,0,0,0,0,0,0,0,0,0,0,0,0,0,0,0,0,0,0,0,0,0
RP,5/22/12,A,14,4,1,5,17,0,0,0,0,0,0,0,0,0,0,0,0,0,0,0,0,0,0,0,0,0,0,0,0,0,0,0
RP,5/22/12,A,14,2,0,0,18,5,0,0,0,0,0,0,1,4,0,0,0,0,0,0,0,0,0,0,0,0,0,0,0,0,0,0
RP,5/22/12,A,14,1,1,0,37,3,0,0,0,0,0,0,0,6,0,0,0,0,0,0,0,1,0,0,0,0,0,0,0,0,0,0
RP,5/22/12,A,15,8,1,3,1,0,0,0,0,0,0,0,0,0,0,0,0,0,0,0,0,0,0,0,0,0,0,0,0,0,0,0
RP,5/22/12,A,15,4,0,0,0,0,0,0,0,0,0,0,0,0,0,0,0,0,0,0,0,0,0,0,0,0,0,0,0,0,0,0
RP,5/22/12,A,15,2,0,0,5,0,0,0,0,0,0,0,0,0,0,0,0,0,0,0,0,0,0,0,0,0,0,0,0,0,0,0
RP,5/22/12,A,15,1,3,0,23,3,0,0,0,0,0,0,0,4,0,0,0,0,0,0,0,2,0,0,0,0,0,0,0,0,0,0
RP,5/22/12,A,16,8,2,2,6,0,0,0,0,0,0,0,0,0,0,0,0,0,0,0,0,0,0,0,0,0,0,0,0,0,0,0
RP,5/22/12,A,16,4,0,5,8,0,0,0,0,0,0,0,0,1,0,0,0,0,0,0,0,0,0,0,0,0,0,0,0,0,0,0
RP,5/22/12,A,16,2,1,0,15,0,0,0,0,0,0,0,0,1,0,0,0,0,0,0,0,0,0,0,0,0,0,0,0,0,0,0
RP,5/22/12,A,16,1,1,0,53,9,0,0,0,0,0,0,0,7,0,0,0,0,0,1,0,5,0,0,0,0,0,0,0,0,0,0
NB,5/24/12,A,1,8,3,0,0,0,0,0,0,0,0,0,0,0,0,0,0,0,0,0,0,0,0,0,0,0,0,0,0,0,0,0
NB,5/24/12,A,1,4,0,0,0,0,0,0,0,0,0,0,0,0,0,0,0,0,0,0,0,0,0,0,0,0,0,0,0,0,0,0
NB,5/24/12,A,1,2,3,0,0,0,0,0,0,0,0,0,0,0,0,0,0,2,0,0,0,0,0,0,0,0,0,0,5,0,0,0
NB,5/24/12,A,1,1,18,0,0,1,0,0,0,0,1,0,11,0,0,0,0,4,0,0,3,0,0,0,0,0,0,0,3,0,0,0
NB,5/24/12,A,2,8,1,0,0,0,0,0,0,0,0,0,0,0,0,0,0,0,0,0,0,0,0,0,0,0,0,0,0,0,0,0
NB,5/24/12,A,2,4,0,0,0,0,0,0,0,0,0,0,0,0,0,0,0,0,0,0,0,0,0,0,0,0,0,0,0,0,0,0
NB,5/24/12,A,2,2,0,0,0,0,0,0,0,0,0,0,0,0,0,0,0,1,0,0,0,0,0,0,0,0,0,0,3,0,0,0
NB,5/24/12,A,2,1,7,0,0,0,0,0,1,0,0,0,0,2,0,0,0,2,0,0,0,0,0,0,0,0,0,0,22,0,0,0
NB,5/24/12,A,3,8,1,0,0,0,0,0,0,0,0,0,0,0,0,0,0,0,0,0,0,0,0,0,0,0,0,0,0,0,0,0
NB,5/24/12,A,3,4,3,0,1,0,0,0,0,0,0,0,0,0,0,0,0,0,0,0,0,0,0,0,0,0,0,0,0,0,0,0
NB,5/24/12,A,3,2,0,0,2,0,0,0,0,0,0,0,0,0,0,0,0,0,0,0,0,0,0,0,0,0,0,0,9,0,0,0
NB,5/24/12,A,3,1,14,0,1,2,2,1,0,0,0,0,0,3,0,0,0,3,0,0,0,0,0,0,0,0,0,0,13,0,0,0
NB,5/24/12,A,4,8,1,0,0,0,0,0,0,0,0,0,0,0,0,0,0,0,0,0,0,0,0,0,0,0,0,0,0,0,0,0
NB,5/24/12,A,4,4,2,0,0,0,0,0,0,0,0,0,0,0,0,0,0,0,0,0,0,0,0,0,0,0,0,0,0,0,0,0
NB,5/24/12,A,4,2,0,0,0,0,0,0,0,0,0,0,0,0,0,0,0,0,0,0,0,0,0,0,0,0,0,0,4,0,0,0
NB,5/24/12,A,4,1,7,0,1,1,1,0,0,0,1,0,1,0,0,0,0,1,0,0,0,0,0,0,0,0,0,0,8,0,0,0
NB,5/24/12,A,5,8,1,0,0,0,0,0,0,0,0,0,0,0,0,0,0,0,0,0,0,0,0,1,0,0,0,0,0,0,0,0
NB,5/24/12,A,5,4,2,0,0,0,0,0,0,0,0,0,0,0,0,0,0,0,0,0,0,0,0,0,0,0,0,0,0,0,0,0
NB,5/24/12,A,5,2,0,0,0,0,0,0,0,0,0,0,0,0,0,0,0,0,0,0,0,0,0,0,0,0,0,0,0,0,0,0
NB,5/24/12,A,5,1,0,0,0,0,0,0,0,0,0,0,0,0,0,0,0,0,0,0,0,0,0,0,0,0,0,0,0,0,0,0
NB,5/24/12,A,6,8,1,0,0,0,0,0,0,0,0,0,0,0,0,0,0,0,0,0,0,0,0,0,0,0,0,0,0,0,0,0
NB,5/24/12,A,6,4,2,0,0,0,0,0,0,0,0,0,0,0,0,0,0,0,0,0,0,0,0,1,0,0,0,0,0,0,0,0
NB,5/24/12,A,6,2,0,0,0,0,0,0,0,0,0,0,0,0,0,0,0,0,0,0,0,0,0,0,0,0,0,0,0,0,0,0
NB,5/24/12,A,6,1,25,0,2,0,0,0,0,0,0,0,0,0,0,0,0,2,0,0,1,0,0,0,0,0,0,0,0,0,0,0
NB,5/24/12,A,7,8,1,0,0,0,0,0,0,0,0,0,0,0,0,0,0,0,0,0,0,0,0,0,0,0,0,0,0,0,0,0
NB,5/24/12,A,7,4,2,0,0,0,0,0,0,0,0,0,0,0,0,0,0,0,0,0,0,0,0,0,0,0,0,0,0,0,0,0
NB,5/24/12,A,7,2,0,0,0,0,0,0,0,0,0,0,0,0,0,0,0,0,0,0,0,0,0,0,0,0,0,0,0,0,0,0
NB,5/24/12,A,7,1,49,0,3,0,1,0,1,0,0,0,0,1,0,0,0,2,1,0,1,0,1,5,0,0,0,0,0,0,0,0
NB,5/24/12,A,8,8,0,0,0,0,0,0,0,0,0,0,0,0,0,0,0,0,0,0,0,0,0,0,0,0,0,0,0,0,0,0
NB,5/24/12,A,8,4,1,0,0,0,0,0,0,0,0,0,0,0,0,0,0,0,0,0,0,0,0,0,0,0,0,0,0,0,0,0
NB,5/24/12,A,8,2,3,0,0,0,0,0,0,0,0,0,0,1,0,0,0,0,0,0,0,0,0,0,0,0,0,0,0,0,0,0
NB,5/24/12,A,8,1,16,0,0,0,1,0,1,0,0,0,0,0,0,0,0,2,0,0,0,0,0,5,0,0,0,0,0,0,0,0
NB,5/24/12,A,9,8,4,0,0,0,0,0,0,0,0,0,0,0,0,0,0,0,0,0,0,0,0,0,0,0,0,0,0,0,0,0
NB,5/24/12,A,9,4,2,0,0,0,0,0,0,0,0,0,0,0,1,0,0,0,0,0,0,0,0,0,0,0,0,0,0,0,0,0
NB,5/24/12,A,9,2,2,0,0,0,1,0,0,0,0,0,0,0,0,0,0,1,0,0,0,0,0,2,0,0,0,0,0,0,0,0
NB,5/24/12,A,9,1,36,0,0,0,3,0,0,0,1,0,3,0,0,0,0,6,0,0,2,0,0,7,0,0,0,0,0,0,0,0
NB,5/24/12,A,10,8,1,0,0,0,0,0,0,0,0,0,0,0,0,0,0,0,0,0,0,0,0,0,0,0,0,0,0,0,0,0
NB,5/24/12,A,10,4,2,0,0,0,0,0,0,0,0,0,0,0,0,0,0,0,0,0,0,0,0,0,0,0,0,0,0,0,0,0
NB,5/24/12,A,10,2,3,0,0,0,2,0,0,0,0,0,0,0,0,0,0,0,0,0,0,0,0,1,0,0,0,0,0,0,0,0
NB,5/24/12,A,10,1,34,0,0,0,2,0,1,0,1,0,1,3,0,0,0,1,0,0,1,0,1,11,0,0,0,0,0,0,0,0
NB,5/24/12,A,11,8,0,0,0,0,0,0,0,0,0,0,0,0,0,0,0,0,0,0,0,0,0,0,0,0,0,0,0,0,0,0
NB,5/24/12,A,11,4,4,0,0,0,0,0,0,0,0,0,0,0,0,0,0,0,0,0,0,0,0,0,0,1,0,0,0,0,0,0
NB,5/24/12,A,11,2,5,0,0,0,0,0,0,0,0,0,0,0,0,0,0,1,0,0,0,0,0,0,0,0,0,0,0,0,0,0
NB,5/24/12,A,11,1,20,0,0,0,1,0,0,0,0,0,0,4,0,0,0,4,0,0,0,0,0,9,0,0,0,0,0,0,0,0
NB,5/24/12,A,12,8,0,0,0,0,0,0,0,0,0,0,0,0,0,0,0,0,0,0,0,0,0,0,0,0,0,0,0,0,0,0
NB,5/24/12,A,12,4,1,0,1,0,0,0,0,0,0,0,0,0,0,0,0,0,0,0,0,0,0,0,0,0,0,0,0,0,0,0
NB,5/24/12,A,12,2,1,0,0,0,0,0,0,0,0,0,0,0,0,0,0,0,0,0,0,0,0,0,0,0,0,0,0,0,0,1
NB,5/24/12,A,12,1,16,0,2,0,1,0,0,0,0,0,2,1,0,0,0,0,0,0,0,0,0,2,1,0,0,0,0,0,0,1
NB,5/24/12,A,13,8,6,0,0,0,0,0,0,0,0,0,0,0,0,0,0,0,0,0,0,0,0,0,0,0,0,0,0,0,0,0
NB,5/24/12,A,13,4,7,0,0,0,0,0,0,0,0,0,0,0,0,0,0,0,0,0,0,0,0,0,0,0,0,0,0,0,0,0
NB,5/24/12,A,13,2,2,0,0,0,0,0,0,0,0,0,0,0,0,0,0,0,0,0,0,0,0,1,0,0,0,0,0,0,0,0
NB,5/24/12,A,13,1,20,0,0,0,1,0,1,0,0,0,0,0,0,0,0,2,0,0,0,0,1,0,0,0,0,0,0,0,0,1
NB,5/24/12,A,14,8,0,0,0,0,0,0,0,0,0,0,0,0,0,0,0,0,0,0,0,0,0,12,0,0,0,0,0,0,0,0
NB,5/24/12,A,14,4,0,0,0,0,0,0,0,0,0,0,0,0,0,0,0,0,0,0,0,0,0,0,0,0,0,0,0,0,0,0
NB,5/24/12,A,14,2,1,0,0,0,0,0,0,0,0,0,0,0,0,0,0,0,0,0,0,0,0,0,0,0,0,0,0,0,0,0
NB,5/24/12,A,14,1,14,0,0,1,2,0,0,0,0,0,0,0,0,0,0,0,0,0,0,0,0,1,0,0,0,0,0,0,0,0
NB,5/24/12,A,15,8,1,0,0,0,0,0,0,0,0,0,0,0,0,0,0,0,0,0,0,0,0,1,0,0,0,0,0,0,0,0
NB,5/24/12,A,15,4,5,0,0,0,0,0,0,0,0,0,0,0,0,0,0,0,0,0,0,0,0,1,0,0,0,0,0,0,0,0
NB,5/24/12,A,15,2,6,0,1,0,0,0,0,0,0,0,0,0,0,0,0,3,0,0,0,0,0,0,0,0,0,0,0,0,0,0
NB,5/24/12,A,15,1,23,0,1,0,1,0,1,0,0,0,1,0,0,0,0,5,0,0,0,0,0,0,0,0,0,0,0,0,0,0
NB,5/24/12,A,16,8,1,0,0,0,0,0,0,0,0,0,0,0,0,0,0,0,0,0,0,0,0,0,0,0,0,0,0,0,0,0
NB,5/24/12,A,16,4,0,0,0,0,0,0,0,0,0,0,0,0,0,0,0,0,0,0,0,0,0,0,0,0,0,0,0,0,0,0
NB,5/24/12,A,16,2,0,0,0,0,0,0,0,0,0,0,0,0,0,0,0,1,0,0,0,0,0,0,0,0,0,0,0,0,0,0
NB,5/24/12,A,16,1,13,0,0,0,0,0,0,0,0,0,0,0,0,0,0,0,0,0,0,0,0,0,0,0,0,0,0,0,0,0
CB,5/26/12,A,1,8,0,0,0,0,0,0,0,0,0,0,0,0,0,0,0,0,0,0,0,0,0,0,0,0,0,0,0,0,0,0
CB,5/26/12,A,1,4,1,0,0,0,0,0,0,0,0,0,0,0,0,0,0,0,0,0,0,0,0,0,0,0,0,0,0,0,0,0
CB,5/26/12,A,1,2,0,0,0,0,0,0,0,0,0,1,0,0,0,0,0,0,0,0,0,0,0,0,0,0,0,0,0,0,0,0
CB,5/26/12,A,1,1,4,0,0,0,0,0,0,0,0,0,0,1,0,9,0,0,0,0,0,0,0,0,0,0,0,0,0,0,0,0
CB,5/26/12,A,2,8,2,0,0,0,0,0,0,0,0,0,0,0,0,0,0,0,0,0,0,0,0,0,0,0,0,0,0,0,0,0
CB,5/26/12,A,2,4,1,0,0,0,0,0,0,0,0,1,0,0,0,2,0,0,0,0,0,0,0,0,0,0,0,0,0,0,0,0
CB,5/26/12,A,2,2,0,0,0,0,0,0,0,0,0,0,0,0,0,10,0,0,0,0,0,0,0,0,0,0,0,0,0,0,0,0
CB,5/26/12,A,2,1,9,0,1,0,0,0,0,0,0,0,0,0,0,22,0,0,0,0,0,0,0,0,0,0,0,0,0,0,0,0
CB,5/26/12,A,3,8,0,0,0,0,0,0,0,0,0,0,0,0,0,0,0,0,0,0,0,0,0,0,0,0,0,0,0,0,0,0
CB,5/26/12,A,3,4,0,0,0,0,0,0,0,0,0,0,0,0,0,0,0,0,0,0,0,0,0,0,0,0,0,0,0,0,0,0
CB,5/26/12,A,3,2,0,0,0,0,0,0,0,0,0,0,0,0,0,2,0,0,0,0,0,0,0,0,0,0,0,0,0,0,0,0
CB,5/26/12,A,3,1,1,0,0,0,0,0,0,0,0,0,0,0,0,11,0,0,0,0,0,0,0,0,0,0,0,0,0,0,0,0
CB,5/26/12,A,4,8,0,0,0,0,0,0,0,0,0,0,0,0,0,0,0,0,0,0,0,0,0,0,0,0,0,0,0,0,0,0
CB,5/26/12,A,4,4,0,0,0,0,0,0,0,0,0,0,0,0,0,0,0,0,0,0,0,0,0,0,0,0,0,0,0,0,0,0
CB,5/26/12,A,4,2,0,0,0,0,0,0,0,0,0,0,0,0,0,0,0,0,0,0,0,0,0,0,0,0,0,0,0,0,0,0
CB,5/26/12,A,4,1,0,0,0,0,0,0,0,0,0,0,0,0,0,0,0,0,0,0,0,0,0,0,0,0,0,0,0,0,0,0
CB,5/26/12,A,5,8,1,0,0,0,0,0,0,0,0,0,0,0,0,0,0,0,0,0,0,0,0,0,0,0,0,0,0,0,0,0
CB,5/26/12,A,5,4,0,0,0,0,0,0,0,0,0,0,0,0,0,0,0,0,0,0,0,0,0,0,0,0,0,0,0,0,0,0
CB,5/26/12,A,5,2,0,0,1,0,0,0,0,0,0,0,0,1,0,3,0,0,0,0,0,0,0,0,0,0,0,0,0,0,0,0
CB,5/26/12,A,5,1,3,0,1,0,1,0,0,0,0,0,1,1,0,9,0,0,0,0,0,0,0,0,0,0,0,0,0,0,0,0
CB,5/26/12,A,6,8,0,0,0,0,0,0,0,0,0,0,0,0,0,0,0,0,0,0,0,0,0,0,0,0,0,0,0,0,0,0
CB,5/26/12,A,6,4,0,0,0,0,0,0,0,0,0,0,0,0,0,0,0,0,0,0,0,0,0,0,0,0,0,0,0,0,0,0
CB,5/26/12,A,6,2,0,0,0,0,0,0,0,0,0,0,0,0,0,0,0,0,0,0,0,0,0,0,0,0,0,0,0,0,0,0
CB,5/26/12,A,6,1,5,0,0,0,0,0,0,0,0,0,0,2,0,12,0,0,0,0,0,0,0,0,0,0,0,0,0,0,0,0
CB,5/26/12,A,7,8,3,0,0,0,0,0,0,0,0,0,0,0,0,0,0,0,0,0,0,0,0,0,0,0,0,0,0,0,0,0
CB,5/26/12,A,7,4,3,0,0,0,0,0,0,0,0,0,0,0,0,2,0,0,0,0,0,0,0,0,0,0,0,0,0,0,0,0
CB,5/26/12,A,7,2,1,0,0,0,0,0,0,0,0,0,0,0,0,0,0,0,0,0,0,0,0,0,0,0,0,0,0,0,0,0
CB,5/26/12,A,7,1,6,0,0,0,0,0,0,0,0,0,1,1,0,13,0,0,0,0,0,0,0,0,0,0,0,0,0,0,0,0
CB,5/26/12,A,8,8,1,0,0,0,0,0,0,0,0,0,0,0,0,0,0,0,0,0,0,0,0,0,0,0,0,0,0,0,0,0
CB,5/26/12,A,8,4,0,0,0,0,0,0,0,0,0,0,0,0,0,0,0,0,0,0,0,0,0,0,0,0,0,0,0,0,0,0
CB,5/26/12,A,8,2,0,0,0,0,0,0,0,0,0,0,0,0,0,4,0,0,0,0,0,0,0,0,0,0,0,0,0,0,0,0
CB,5/26/12,A,8,1,4,0,0,0,0,0,0,0,0,0,0,0,0,12,0,0,0,0,0,0,0,0,0,0,0,0,0,0,0,0
CB,5/26/12,A,9,8,5,0,0,0,0,0,0,0,0,0,0,0,0,2,0,0,0,0,0,0,0,0,0,0,0,0,0,0,0,0
CB,5/26/12,A,9,4,2,0,0,0,0,0,0,0,0,0,0,0,0,4,0,0,0,0,0,0,0,0,0,0,0,0,0,0,0,0
CB,5/26/12,A,9,2,0,0,0,0,0,0,0,0,0,0,0,0,0,1,0,0,0,0,0,0,0,0,0,0,0,0,0,0,0,0
CB,5/26/12,A,9,1,5,0,0,0,0,0,0,0,0,0,2,0,0,22,0,0,0,0,0,0,0,0,0,0,0,0,0,0,0,0
CB,5/26/12,A,10,8,1,0,0,0,0,0,0,0,0,0,0,0,0,0,0,0,0,0,0,0,0,0,0,0,0,0,0,0,0,0
CB,5/26/12,A,10,4,0,0,0,0,0,0,0,0,0,0,0,0,0,0,0,0,0,0,0,0,0,0,0,0,0,0,0,0,0,0
CB,5/26/12,A,10,2,0,0,0,0,0,0,0,0,0,0,0,0,0,2,0,0,0,0,0,0,0,0,0,0,0,0,0,0,0,0
CB,5/26/12,A,10,1,0,0,0,0,0,0,0,0,0,0,0,0,0,5,0,0,0,0,0,0,0,0,0,0,0,0,0,0,0,0
CB,5/26/12,A,11,8,3,0,0,0,0,0,0,0,0,0,0,0,0,0,0,0,0,0,0,0,0,0,0,0,0,0,0,0,0,0
CB,5/26/12,A,11,4,0,0,0,0,0,0,0,0,0,0,0,0,0,0,0,0,0,0,0,0,0,0,0,0,0,0,0,0,0,0
CB,5/26/12,A,11,2,0,0,1,0,0,0,0,0,0,0,0,2,0,2,0,0,0,0,0,0,0,0,0,0,0,0,0,0,0,0
CB,5/26/12,A,11,1,5,0,6,0,0,0,0,0,0,0,1,2,0,12,0,0,0,0,0,0,0,0,0,0,0,0,0,0,0,0
CB,5/26/12,A,12,8,4,0,0,0,0,0,0,0,0,0,0,0,0,0,0,0,0,0,0,0,0,0,0,0,0,0,1,0,0,0
CB,5/26/12,A,12,4,0,0,0,0,0,0,0,0,0,0,0,1,0,5,0,0,0,0,0,0,0,0,0,0,0,0,1,0,0,0
CB,5/26/12,A,12,2,0,0,2,0,0,0,0,0,0,0,0,0,0,1,0,0,0,0,0,0,0,0,0,0,0,0,0,0,0,0
CB,5/26/12,A,12,1,3,0,3,0,0,0,0,0,0,0,2,0,0,8,0,1,0,0,1,1,0,0,0,0,0,0,0,0,0,0
CB,5/26/12,A,13,8,4,0,0,0,0,0,0,0,0,0,0,0,0,1,0,0,0,0,0,0,0,1,0,1,0,0,4,0,0,0
CB,5/26/12,A,13,4,0,0,0,0,0,0,0,0,0,0,0,0,0,0,0,0,0,0,0,0,0,0,0,1,0,0,0,0,0,0
CB,5/26/12,A,13,2,0,0,1,0,0,0,0,0,0,0,0,0,0,2,0,0,0,0,0,0,0,0,0,0,0,0,0,0,0,0
CB,5/26/12,A,13,1,4,0,5,0,0,2,1,0,1,0,0,0,0,4,0,0,0,0,0,0,0,0,0,0,0,0,0,0,0,0
CB,5/26/12,A,14,8,3,0,0,0,0,0,0,0,0,0,0,0,0,0,0,0,0,0,0,0,0,0,0,0,0,0,0,0,0,0
CB,5/26/12,A,14,4,1,0,1,0,0,0,0,0,0,0,0,0,0,2,0,0,0,0,0,0,0,0,0,0,0,0,1,0,0,0
CB,5/26/12,A,14,2,1,0,0,0,0,0,0,0,0,0,0,0,0,2,0,0,0,0,0,0,0,0,0,0,0,0,0,0,0,0
CB,5/26/12,A,14,1,8,0,5,0,1,0,1,0,0,0,0,0,0,11,0,0,0,0,0,3,0,0,0,0,0,0,0,0,0,0
CB,5/26/12,A,15,8,2,0,1,0,0,0,0,0,0,0,0,0,0,2,0,0,0,0,0,0,0,2,0,1,0,0,0,0,0,0
CB,5/26/12,A,15,4,0,0,0,0,0,0,0,0,0,0,0,0,0,0,0,0,0,0,0,0,0,0,0,0,0,0,0,0,0,0
CB,5/26/12,A,15,2,0,0,0,0,0,0,0,0,0,0,0,0,0,2,0,0,0,0,0,0,0,0,0,0,0,0,0,0,0,0
CB,5/26/12,A,15,1,7,0,0,0,0,0,0,0,0,0,0,0,0,5,0,0,0,0,0,0,0,0,0,0,0,0,0,0,0,0
CB,5/26/12,A,16,8,2,0,0,0,0,0,0,0,0,0,1,0,0,0,0,0,0,0,0,0,0,2,0,1,0,0,0,0,0,0
CB,5/26/12,A,16,4,0,0,0,0,0,0,0,0,0,1,0,0,0,3,0,0,0,0,0,0,0,0,0,0,0,0,0,0,0,0
CB,5/26/12,A,16,2,0,0,0,0,0,0,0,0,0,0,0,0,0,2,0,0,0,0,0,0,0,0,0,0,0,0,0,0,0,0
CB,5/26/12,A,16,1,6,0,0,0,0,0,0,0,0,0,1,0,0,9,0,0,0,0,0,2,0,0,0,0,0,0,0,0,0,0
DC,6/27/12,C,1,8,0,0,0,0,0,0,0,0,0,0,0,0,0,0,0,0,0,0,0,0,0,0,0,0,0,0,0,0,0,0
DC,6/27/12,C,1,4,0,0,19,0,2,0,0,0,0,0,0,0,0,0,0,0,0,0,0,0,0,0,0,0,0,0,0,0,0,0
DC,6/27/12,C,1,2,0,0,5,1,1,0,0,0,0,0,0,0,0,0,0,0,0,0,0,0,0,0,0,0,0,0,0,0,0,0
DC,6/27/12,C,1,1,0,0,37,14,29,1,1,0,4,0,6,0,0,0,0,0,0,0,4,0,0,0,0,0,0,0,0,0,0,0
DC,6/27/12,C,2,8,0,0,8,0,0,0,0,0,0,0,0,0,0,0,0,0,0,0,0,0,0,0,0,0,0,0,0,0,0,0
DC,6/27/12,C,2,4,0,0,51,0,0,0,0,0,0,0,0,0,0,0,0,0,0,0,0,0,0,0,0,0,0,0,0,0,0,0
DC,6/27/12,C,2,2,2,0,24,0,0,0,0,0,0,0,0,1,0,0,0,0,0,0,0,0,0,0,0,0,0,0,0,0,0,0
DC,6/27/12,C,2,1,3,0,133,6,24,0,1,0,9,0,1,0,0,0,0,0,0,0,0,0,0,0,0,0,0,0,0,0,0,0
DC,6/27/12,C,3,8,0,0,0,0,0,0,0,0,0,0,0,0,0,0,0,0,0,0,0,0,0,0,0,0,0,0,0,0,0,0
DC,6/27/12,C,3,4,0,0,17,0,1,0,0,0,0,0,0,0,0,0,0,0,0,0,0,0,0,0,0,0,0,0,0,0,0,0
DC,6/27/12,C,3,2,0,0,18,1,0,0,0,0,1,0,0,1,0,0,0,0,0,0,0,0,0,0,0,0,0,0,0,0,0,0
DC,6/27/12,C,3,1,0,0,88,6,4,0,0,0,0,0,0,1,0,0,0,0,0,0,1,0,0,0,0,0,0,0,0,0,0,0
DC,6/27/12,C,4,8,0,0,62,0,0,0,0,0,0,0,0,0,0,0,0,0,0,0,0,0,0,0,0,0,0,0,0,0,0,0
DC,6/27/12,C,4,4,0,0,0,0,0,0,0,0,0,0,0,0,0,0,0,0,0,0,0,0,0,0,0,0,0,0,0,0,0,0
DC,6/27/12,C,4,2,1,2,25,0,0,0,0,0,0,0,0,0,0,0,0,0,0,0,0,0,0,0,0,0,0,0,0,0,0,0
DC,6/27/12,C,4,1,1,0,101,13,7,0,0,0,0,0,0,1,0,0,0,0,0,0,0,0,0,0,0,0,0,0,0,0,0,0
DC,6/27/12,C,5,8,0,0,2,0,0,0,0,0,0,0,0,0,0,0,0,0,0,0,0,0,0,0,0,0,0,0,0,0,0,0
DC,6/27/12,C,5,4,0,0,37,0,0,0,0,0,0,0,0,0,0,0,0,0,0,0,0,0,0,0,0,0,0,0,0,0,0,0
DC,6/27/12,C,5,2,0,0,25,1,0,0,0,0,0,0,0,0,0,0,0,0,0,0,0,0,0,0,0,0,0,0,0,0,0,0
DC,6/27/12,C,5,1,0,0,132,18,6,0,1,0,0,0,0,0,0,0,0,0,0,0,2,0,0,0,0,0,0,0,0,0,0,0
DC,6/27/12,C,6,8,0,1,0,0,0,0,0,0,0,0,0,0,0,0,0,0,0,0,0,0,0,0,0,0,0,0,0,0,0,0
DC,6/27/12,C,6,4,0,0,31,0,0,0,0,0,0,0,0,0,0,0,0,1,0,0,0,0,0,0,0,0,0,0,0,0,0,0
DC,6/27/12,C,6,2,1,0,40,0,0,0,0,0,1,0,0,0,0,0,0,0,0,0,0,0,0,0,0,0,0,0,0,0,0,0
DC,6/27/12,C,6,1,2,0,199,24,11,0,2,3,0,0,0,2,0,0,0,0,0,0,0,0,0,0,0,0,0,0,0,0,0,0
DC,6/27/12,C,7,8,0,0,6,0,1,0,0,0,0,0,0,0,0,0,0,0,0,0,0,0,0,0,0,0,0,0,0,0,0,0
DC,6/27/12,C,7,4,0,0,95,0,0,0,0,0,0,0,0,1,0,0,1,1,0,0,0,0,0,0,0,0,0,0,0,0,0,0
DC,6/27/12,C,7,2,2,0,106,0,0,0,0,0,0,0,0,0,0,0,0,0,0,0,0,0,0,0,0,0,0,0,0,0,0,0
DC,6/27/12,C,7,1,1,2,652,55,23,0,0,0,0,0,3,3,0,0,0,1,0,0,1,0,0,0,0,0,0,0,1,0,0,0
DC,6/27/12,C,8,8,0,0,0,0,0,0,0,0,0,0,0,0,0,0,0,0,0,0,0,0,0,0,0,0,0,0,0,0,0,0
DC,6/27/12,C,8,4,0,0,0,0,0,0,0,0,0,0,0,0,0,0,0,0,0,0,0,0,0,0,0,0,0,0,0,0,0,0
DC,6/27/12,C,8,2,1,0,63,0,0,0,0,0,0,0,0,0,0,0,0,0,0,0,0,0,0,0,0,0,0,0,0,0,0,0
DC,6/27/12,C,8,1,4,0,295,26,11,0,1,0,2,0,0,2,0,0,0,0,0,0,0,0,0,0,0,0,0,0,0,0,0,0
DC,6/27/12,C,9,8,0,0,0,0,0,0,0,0,0,0,0,0,0,0,0,0,0,0,0,0,0,0,0,0,0,0,0,0,0,0
DC,6/27/12,C,9,4,0,0,90,0,2,0,0,0,0,0,0,0,0,0,0,0,0,0,0,0,0,0,0,0,0,0,0,0,0,0
DC,6/27/12,C,9,2,0,0,62,0,0,0,1,0,0,0,0,0,0,0,0,0,0,0,0,0,0,0,0,0,0,0,0,0,0,0
DC,6/27/12,C,9,1,0,0,501,9,11,0,4,0,0,0,0,0,0,0,0,0,0,0,0,0,0,0,0,0,0,0,0,0,0,0
DC,6/27/12,C,10,8,0,0,0,0,0,0,0,0,0,0,0,0,0,0,0,0,0,0,0,0,0,0,0,0,0,0,0,0,0,0
DC,6/27/12,C,10,4,0,0,9,0,0,0,0,0,0,0,0,0,0,0,0,0,0,0,0,0,0,0,0,0,0,0,0,0,0,0
DC,6/27/12,C,10,2,0,0,27,0,0,0,0,0,0,0,0,0,0,0,0,0,0,0,0,0,0,0,0,0,0,0,0,0,0,0
DC,6/27/12,C,10,1,5,0,283,20,9,1,0,0,0,0,2,4,0,0,0,0,0,0,0,0,0,0,0,0,0,0,0,0,0,0
DC,6/27/12,C,11,8,0,0,6,0,0,0,0,0,0,0,0,0,0,0,1,0,0,0,0,0,0,0,0,0,0,0,0,0,0,0
DC,6/27/12,C,11,4,0,0,80,0,0,0,0,0,0,0,0,0,0,0,1,0,0,0,0,0,0,0,0,0,0,0,0,0,0,0
DC,6/27/12,C,11,2,0,0,64,0,1,0,0,0,1,0,0,0,0,0,0,0,0,0,0,0,0,0,0,0,0,0,0,0,0,0
DC,6/27/12,C,11,1,2,0,442,41,0,0,0,2,0,0,0,0,0,0,0,0,0,0,2,0,0,0,0,0,0,0,0,0,0,0
DC,6/27/12,C,12,8,1,0,7,0,0,0,0,0,0,0,0,0,0,0,0,0,0,0,0,0,0,0,0,0,0,0,0,0,0,0
DC,6/27/12,C,12,4,0,0,25,0,0,0,0,0,0,0,0,0,0,0,0,0,0,0,0,0,0,0,0,0,0,0,0,0,0,0
DC,6/27/12,C,12,2,0,0,43,2,0,0,0,0,0,0,0,0,0,0,0,0,0,0,0,0,0,0,0,0,0,0,0,0,0,0
DC,6/27/12,C,12,1,6,0,417,20,5,0,0,0,0,0,0,8,0,0,0,6,0,0,0,0,0,0,0,0,0,0,0,0,0,0
DC,6/27/12,C,13,8,0,0,7,0,0,0,0,0,0,0,0,0,0,0,0,0,0,0,0,0,0,0,0,0,0,0,0,0,0,0
DC,6/27/12,C,13,4,0,0,0,0,0,0,0,0,0,0,0,0,0,0,0,0,0,0,0,0,0,0,0,0,0,0,0,0,0,0
DC,6/27/12,C,13,2,0,0,99,2,0,0,0,0,0,0,0,0,0,0,0,0,0,0,0,0,0,0,0,0,0,0,0,0,0,0
DC,6/27/12,C,13,1,0,0,460,22,5,0,0,0,0,0,1,0,0,0,0,0,0,0,1,0,0,0,0,0,0,0,0,0,0,0
DC,6/27/12,C,14,8,0,0,12,0,0,0,0,0,0,0,0,0,0,0,0,0,0,0,0,0,0,0,0,0,0,0,0,0,0,0
DC,6/27/12,C,14,4,0,0,58,0,0,0,0,0,0,0,0,0,0,0,0,0,0,0,0,0,0,0,0,0,0,0,0,0,0,0
DC,6/27/12,C,14,2,0,0,20,0,0,0,0,0,0,0,0,0,0,0,0,0,0,0,0,0,0,0,0,0,0,0,0,0,0,0
DC,6/27/12,C,14,1,0,0,341,17,2,0,0,0,0,0,0,0,0,0,0,0,0,0,0,0,0,0,0,0,0,0,0,0,0,0
DC,6/27/12,C,15,8,1,0,16,0,0,0,0,0,0,0,0,0,0,0,0,0,0,0,0,0,0,0,0,0,0,0,0,0,0,0
DC,6/27/12,C,15,4,1,0,86,0,0,0,0,0,0,0,0,0,0,0,0,0,0,0,0,0,0,0,0,0,0,0,0,0,0,0
DC,6/27/12,C,15,2,3,0,114,1,0,0,0,0,0,0,0,0,0,0,0,0,0,0,0,0,0,0,0,0,0,0,0,0,0,0
DC,6/27/12,C,15,1,1,1,1221,28,12,0,0,0,0,0,3,0,0,0,0,1,0,0,2,0,1,0,0,0,0,0,2,0,0,0
DC,6/27/12,C,16,8,0,0,10,0,0,0,0,0,0,0,0,0,0,0,1,0,0,0,0,0,0,0,0,0,0,0,0,0,0,0
DC,6/27/12,C,16,4,0,0,88,0,0,0,0,0,0,0,0,0,0,0,0,0,0,0,0,0,0,0,0,0,0,0,0,0,0,0
DC,6/27/12,C,16,2,0,0,116,1,0,0,0,0,0,0,0,0,0,0,0,0,0,0,0,0,0,0,0,0,0,0,0,0,0,0
DC,6/27/12,C,16,1,0,0,612,18,1,0,3,0,0,0,0,0,0,0,0,0,0,0,0,0,0,0,0,0,0,0,0,0,0,0
WI,6/30/12,C,1,8,1,0,5,0,0,0,0,0,0,0,0,0,0,0,0,23,0,0,0,0,0,0,0,0,0,0,2,0,0,0
WI,6/30/12,C,1,4,3,0,0,0,0,0,0,0,0,0,0,0,0,0,0,0,0,0,0,0,0,0,0,0,0,0,0,0,0,0
WI,6/30/12,C,1,2,0,0,0,0,0,0,0,0,0,0,0,0,0,0,0,2,0,0,0,0,1,0,0,0,0,0,0,0,0,0
WI,6/30/12,C,1,1,8,0,0,0,4,12,0,0,0,0,0,0,0,1,1,1,0,0,18,0,0,0,0,0,0,0,0,0,0,0
WI,6/30/12,C,2,8,3,0,3,0,0,0,0,0,0,0,0,0,0,0,0,4,0,0,0,0,0,0,0,0,0,0,0,0,0,0
WI,6/30/12,C,2,4,0,0,0,0,0,0,0,0,0,0,0,0,0,0,0,0,0,0,0,0,0,0,0,0,0,0,0,0,0,0
WI,6/30/12,C,2,2,0,0,1,0,0,0,0,0,0,0,0,0,0,0,0,7,0,0,0,0,0,0,0,0,0,0,0,0,0,0
WI,6/30/12,C,2,1,12,0,2,0,6,4,0,0,0,0,0,2,0,1,0,12,0,0,2,0,1,0,0,0,0,0,0,0,0,0
WI,6/30/12,C,3,8,1,0,0,0,0,0,0,0,0,0,0,0,0,0,0,9,0,0,0,0,0,2,0,0,0,0,1,0,0,0
WI,6/30/12,C,3,4,0,0,2,0,0,0,0,0,0,0,0,1,0,0,0,1,0,0,0,0,0,0,0,1,0,0,0,0,0,0
WI,6/30/12,C,3,2,1,0,3,0,0,0,0,0,0,0,0,0,0,0,0,0,0,0,0,0,0,0,0,1,0,0,0,0,0,0
WI,6/30/12,C,3,1,4,0,14,0,0,0,1,0,1,0,0,10,0,1,0,9,0,0,3,0,1,0,0,3,0,0,0,0,0,0
WI,6/30/12,C,4,8,0,0,1,0,0,0,0,0,0,0,0,0,0,0,0,5,0,0,0,0,0,0,0,0,0,0,0,0,0,0
WI,6/30/12,C,4,4,0,0,59,0,0,0,0,0,0,0,0,1,0,0,0,1,0,0,0,0,0,0,0,0,0,0,0,0,0,0
WI,6/30/12,C,4,2,1,0,1,0,0,0,0,1,0,0,0,0,0,0,0,2,0,0,0,0,0,0,0,0,0,0,0,0,0,0
WI,6/30/12,C,4,1,1,0,1,0,0,0,0,0,0,0,0,0,0,0,0,5,0,0,0,1,0,0,0,0,0,0,0,0,0,0
WI,6/30/12,C,5,8,0,0,0,0,0,0,0,0,0,0,0,0,0,0,0,0,0,0,0,0,0,0,0,0,0,0,0,0,0,0
WI,6/30/12,C,5,4,2,0,0,0,0,0,0,0,0,0,0,0,0,0,0,0,0,0,0,0,0,0,0,0,0,0,0,0,0,0
WI,6/30/12,C,5,2,4,0,2,0,0,0,0,0,0,0,0,0,0,0,0,1,0,0,0,0,0,0,0,0,0,0,0,0,0,0
WI,6/30/12,C,5,1,11,0,0,0,1,0,1,0,2,0,0,0,0,0,0,2,0,0,14,2,0,0,0,0,0,0,0,0,0,0
WI,6/30/12,C,6,8,3,0,0,0,0,0,0,0,0,0,0,0,0,0,0,0,0,0,1,0,0,0,0,1,0,0,0,0,0,0
WI,6/30/12,C,6,4,1,0,0,0,0,0,0,0,0,1,0,0,0,0,0,0,0,0,0,0,0,0,0,0,0,0,0,0,0,0
WI,6/30/12,C,6,2,2,0,0,0,1,0,0,0,0,0,0,0,0,0,0,1,0,0,1,0,0,0,0,0,0,0,2,0,0,1
WI,6/30/12,C,6,1,1,0,1,0,0,0,0,0,0,0,0,3,0,0,0,0,0,0,1,0,0,0,0,0,0,0,0,0,0,0
WI,6/30/12,C,7,8,2,0,0,0,0,0,0,0,0,0,0,0,0,0,0,37,0,0,0,0,0,1,0,0,0,0,0,0,0,0
WI,6/30/12,C,7,4,1,0,0,0,0,0,0,0,0,0,0,0,0,0,0,0,0,0,0,0,0,0,0,0,0,0,0,0,0,0
WI,6/30/12,C,7,2,0,0,11,0,0,0,0,0,0,0,0,0,0,0,0,0,0,0,0,0,0,0,0,0,0,0,0,0,0,0
WI,6/30/12,C,7,1,4,0,5,0,0,0,2,1,0,0,0,4,0,7,0,30,0,0,0,1,0,0,0,0,0,0,0,0,0,0
WI,6/30/12,C,8,8,1,0,0,0,0,0,0,0,0,0,0,0,0,0,0,45,0,0,0,0,0,0,0,0,0,0,0,0,0,0
WI,6/30/12,C,8,4,0,0,1,0,0,0,0,0,0,0,0,0,0,0,0,19,0,0,0,0,0,0,0,0,0,0,0,0,0,0
WI,6/30/12,C,8,2,0,0,6,1,0,0,0,0,0,0,0,0,0,0,0,9,0,0,0,0,0,0,0,0,0,0,0,0,0,0
WI,6/30/12,C,8,1,1,12,7,0,1,0,0,0,0,0,0,0,0,1,0,10,0,0,0,1,0,0,0,0,0,0,0,0,0,0
WI,6/30/12,C,9,8,0,0,1,0,0,0,0,0,0,0,0,0,0,0,0,41,0,0,0,0,0,0,0,0,0,0,0,0,0,0
WI,6/30/12,C,9,4,0,0,1,0,0,0,0,0,0,0,0,0,0,1,0,64,0,0,0,0,0,1,0,0,0,0,0,0,0,0
WI,6/30/12,C,9,2,0,0,4,0,0,0,0,0,0,0,0,0,0,0,0,16,0,0,0,0,0,0,0,0,0,0,0,0,0,0
WI,6/30/12,C,9,1,0,0,3,0,1,0,0,0,2,0,0,4,0,4,0,34,0,0,1,0,0,0,0,0,0,0,0,0,0,0
WI,6/30/12,C,10,8,0,0,0,0,0,0,0,0,0,0,0,0,0,0,0,0,0,0,0,0,0,0,0,0,0,0,0,0,0,0
WI,6/30/12,C,10,4,0,0,0,0,0,0,0,0,0,0,0,0,0,0,0,0,0,0,0,0,0,0,0,0,0,0,0,0,0,0
WI,6/30/12,C,10,2,0,0,0,0,0,0,0,0,0,0,0,0,0,0,0,0,0,0,0,0,0,0,0,0,0,0,0,0,0,0
WI,6/30/12,C,10,1,0,0,0,0,0,0,0,0,0,0,0,0,0,0,0,0,0,0,0,0,0,0,0,0,0,0,0,0,0,0
WI,6/30/12,C,11,8,1,0,0,0,0,0,0,0,0,0,0,0,0,0,0,0,0,0,0,0,0,0,0,0,0,0,0,0,0,0
WI,6/30/12,C,11,4,2,0,0,0,0,0,0,1,0,0,0,0,0,0,0,0,0,0,0,0,0,0,0,0,0,0,0,0,0,0
WI,6/30/12,C,11,2,0,0,0,0,0,0,0,0,0,0,0,0,0,0,0,0,0,0,0,0,0,0,0,0,0,0,0,0,0,0
WI,6/30/12,C,11,1,0,0,0,0,2,0,0,0,0,0,0,0,0,0,0,0,0,0,0,0,0,0,0,0,0,0,0,0,0,0
WI,6/30/12,C,12,8,1,0,0,0,0,0,0,0,0,0,0,0,0,0,0,0,0,0,0,0,0,0,0,0,0,0,0,0,0,0
WI,6/30/12,C,12,4,2,0,1,0,0,0,0,0,0,0,0,0,0,0,0,0,0,0,0,0,0,0,0,0,0,0,0,0,0,0
WI,6/30/12,C,12,2,0,0,0,0,0,0,0,0,0,0,0,0,0,0,0,0,0,0,0,0,0,0,0,0,0,0,0,0,0,0
WI,6/30/12,C,12,1,1,0,3,1,0,0,0,2,0,0,0,2,0,2,0,7,0,0,1,1,0,0,0,0,0,0,0,0,0,0
WI,6/30/12,C,13,8,1,0,0,0,0,0,0,0,0,0,0,0,0,0,0,0,0,0,0,0,0,0,0,0,0,0,0,0,0,0
WI,6/30/12,C,13,4,0,0,0,0,0,0,0,0,0,0,0,0,0,0,0,0,0,0,0,0,0,0,0,0,0,0,0,0,0,0
WI,6/30/12,C,13,2,0,0,2,0,0,0,0,0,0,1,0,0,0,0,0,5,0,0,0,0,0,0,0,0,0,0,0,0,0,0
WI,6/30/12,C,13,1,1,0,5,0,0,0,0,0,0,0,0,2,0,3,0,53,0,0,0,1,0,0,0,4,0,0,0,0,0,0
WI,6/30/12,C,14,8,0,0,2,0,1,0,0,0,0,0,0,0,0,1,0,72,0,0,0,0,0,0,0,0,0,0,1,0,0,0
WI,6/30/12,C,14,4,0,0,1,0,0,0,0,0,0,0,0,0,0,0,0,11,0,0,0,0,0,0,0,0,0,0,0,0,0,0
WI,6/30/12,C,14,2,0,0,3,0,0,0,0,0,0,0,0,0,0,0,0,5,0,0,0,0,0,0,0,0,0,0,0,0,0,0
WI,6/30/12,C,14,1,2,0,11,0,3,0,0,0,1,0,0,3,0,4,0,43,0,0,1,0,1,0,0,0,0,0,0,0,0,0
WI,6/30/12,C,15,8,0,0,0,0,0,0,0,0,0,0,0,0,0,0,0,0,0,0,0,0,0,0,0,0,0,0,0,0,0,0
WI,6/30/12,C,15,4,1,0,1,0,0,0,0,0,0,0,0,0,0,0,0,3,0,0,0,0,0,0,0,0,0,0,0,0,0,0
WI,6/30/12,C,15,2,0,0,0,0,0,0,0,0,0,0,0,0,0,0,0,0,0,0,0,0,0,0,0,0,0,0,0,0,0,0
WI,6/30/12,C,15,1,0,0,0,0,0,0,1,0,0,0,0,2,0,0,0,16,0,0,0,0,0,0,0,0,0,0,0,0,0,0
WI,6/30/12,C,16,8,0,0,0,0,0,0,0,0,0,0,0,0,0,0,0,24,0,0,0,0,0,0,0,0,0,0,0,0,0,0
WI,6/30/12,C,16,4,1,0,0,0,0,0,0,0,0,0,0,0,0,0,0,6,0,0,0,0,0,0,0,0,0,0,0,0,0,0
WI,6/30/12,C,16,2,1,0,1,0,0,0,0,0,0,0,0,0,0,0,0,10,0,0,0,0,0,0,0,0,0,0,0,0,0,0
WI,6/30/12,C,16,1,1,0,4,0,3,0,0,0,0,0,0,3,0,0,0,38,0,0,0,2,0,0,0,0,0,0,0,0,0,0
WI,6/30/12,C,17,8,0,0,0,0,0,0,0,0,0,0,0,2,0,0,0,50,0,0,0,0,0,0,0,0,0,0,0,0,0,0
WI,6/30/12,C,17,4,0,0,1,0,0,0,0,0,0,0,0,1,0,2,0,20,0,0,0,0,0,0,0,0,0,0,0,0,0,0
WI,6/30/12,C,17,2,0,0,3,0,0,0,0,0,0,0,0,0,0,1,0,7,0,0,0,0,0,0,0,0,0,0,0,0,0,0
WI,6/30/12,C,17,1,2,0,6,0,1,0,0,0,0,0,0,1,0,1,0,24,0,0,1,1,0,0,0,0,0,0,0,0,0,0
RP,7/3/12,C,1,8,1,0,11,0,0,0,0,0,0,0,1,0,0,0,0,0,0,0,0,0,0,0,0,0,0,0,1,0,0,0
RP,7/3/12,C,1,4,0,0,0,0,0,0,0,0,0,0,0,2,0,0,0,0,0,0,0,0,0,0,0,0,0,0,0,0,0,0
RP,7/3/12,C,1,2,1,0,29,0,0,0,0,0,0,0,0,4,0,0,0,0,0,0,0,1,0,0,0,0,0,0,0,0,0,0
RP,7/3/12,C,1,1,1,20,146,13,9,0,0,0,0,0,2,8,1,0,0,2,0,0,3,6,0,0,0,0,4,0,0,0,0,0
RP,7/3/12,C,2,8,1,0,7,0,1,0,0,0,0,0,2,2,0,0,0,3,0,0,0,0,0,0,0,0,0,0,0,0,0,0
RP,7/3/12,C,2,4,0,0,3,0,0,0,0,0,0,0,0,0,0,0,0,0,0,0,0,0,0,0,0,0,0,0,0,0,0,0
RP,7/3/12,C,2,2,0,0,22,0,0,0,0,0,0,0,1,1,0,0,0,0,0,0,1,0,0,0,0,0,0,0,0,0,0,0
RP,7/3/12,C,2,1,1,49,199,14,6,0,1,0,0,0,12,9,0,1,0,2,0,0,0,1,0,0,0,0,0,0,2,0,0,3
RP,7/3/12,C,3,8,1,0,2,0,0,0,0,0,0,0,0,1,0,0,0,4,0,0,0,0,0,1,0,0,0,0,1,0,0,0
RP,7/3/12,C,3,4,0,0,4,0,0,0,0,0,0,0,0,0,0,0,0,2,0,0,0,0,0,0,0,0,0,0,0,0,0,0
RP,7/3/12,C,3,2,0,0,10,1,0,0,0,0,0,0,0,0,0,0,0,1,0,0,1,0,0,0,0,0,0,0,0,0,0,0
RP,7/3/12,C,3,1,1,21,107,5,14,0,2,0,0,0,16,16,0,0,0,21,0,0,1,3,0,0,0,0,0,0,0,0,0,3
RP,7/3/12,C,4,8,0,0,0,0,0,0,0,0,0,0,0,0,0,0,0,0,0,0,0,0,0,0,0,0,0,0,0,0,0,0
RP,7/3/12,C,4,4,1,2,21,0,0,0,0,0,0,0,1,1,0,0,0,2,0,0,0,0,0,1,0,0,0,0,1,0,0,0
RP,7/3/12,C,4,2,3,0,9,0,5,0,0,0,0,0,0,3,0,0,0,10,0,0,0,0,0,0,0,0,0,0,0,0,0,0
RP,7/3/12,C,4,1,6,43,242,9,7,0,0,0,0,0,15,25,32,0,0,95,0,0,3,7,0,2,0,0,0,0,10,0,0,17
RP,7/3/12,C,5,8,0,1,5,0,0,0,0,0,0,0,0,1,0,2,0,13,0,0,1,0,0,1,0,0,0,0,0,0,0,0
RP,7/3/12,C,5,4,0,0,0,0,0,0,0,0,0,0,0,0,0,0,0,0,0,0,0,0,0,0,0,0,0,0,0,0,0,0
RP,7/3/12,C,5,2,0,0,8,0,1,0,0,0,0,0,0,0,1,1,0,5,0,0,1,2,0,0,0,0,0,0,0,0,0,0
RP,7/3/12,C,5,1,7,24,126,7,13,0,1,0,0,0,5,20,0,8,0,19,0,0,0,19,0,0,0,0,0,0,2,0,0,6
RP,7/3/12,C,6,8,1,0,3,0,0,0,0,0,0,0,1,5,0,0,0,9,0,0,2,0,0,0,1,0,0,0,0,0,0,1
RP,7/3/12,C,6,4,0,0,0,0,0,0,0,0,0,0,0,0,0,0,0,0,0,0,0,0,0,0,0,0,0,0,1,0,0,0
RP,7/3/12,C,6,2,0,0,1,0,1,0,0,0,0,0,0,0,0,0,0,2,0,0,0,0,0,0,0,0,0,0,1,0,0,0
RP,7/3/12,C,6,1,1,12,48,0,3,0,0,0,0,0,4,13,0,0,0,7,0,0,0,7,1,0,0,0,0,0,1,0,0,0
RP,7/3/12,C,7,8,0,0,0,0,0,0,0,0,0,0,0,1,0,0,0,3,0,0,0,0,0,0,0,0,0,0,0,0,0,0
RP,7/3/12,C,7,4,1,1,9,0,0,0,0,0,0,0,0,2,0,1,0,17,0,0,0,0,0,0,0,0,0,0,2,0,0,3
RP,7/3/12,C,7,2,1,0,10,1,0,0,0,0,0,0,0,0,0,0,0,16,0,0,0,0,0,0,0,0,0,0,0,0,0,1
RP,7/3/12,C,7,1,0,80,260,4,0,0,0,0,0,0,20,88,0,4,0,112,0,0,0,0,0,4,0,0,0,0,4,0,0,24
RP,7/3/12,C,8,8,1,1,3,0,0,0,0,0,0,0,1,3,0,0,0,23,0,0,0,1,0,2,0,0,0,0,1,0,0,0
RP,7/3/12,C,8,4,0,0,0,0,0,0,0,0,0,0,0,0,0,0,0,0,0,0,0,0,0,0,0,0,0,0,0,0,0,0
RP,7/3/12,C,8,2,3,1,14,0,0,0,0,0,0,0,0,3,0,2,0,22,0,0,0,0,0,0,0,0,0,0,2,0,0,0
RP,7/3/12,C,8,1,2,84,258,2,7,0,0,0,0,0,26,25,0,1,0,66,0,0,3,5,0,8,0,0,0,0,3,0,0,6
RP,7/3/12,C,9,8,1,1,13,0,0,0,0,0,0,0,0,3,0,0,0,32,0,0,1,0,0,1,0,0,0,0,5,0,0,0
RP,7/3/12,C,9,4,0,0,0,0,0,0,0,0,0,0,0,0,0,0,0,0,0,0,0,0,0,0,0,0,0,0,0,0,0,0
RP,7/3/12,C,9,2,2,0,15,2,2,0,0,0,0,0,0,0,0,0,0,3,0,0,1,0,0,0,0,0,0,0,0,0,0,0
RP,7/3/12,C,9,1,4,17,164,7,0,0,0,0,0,0,2,20,0,3,0,2,0,0,2,3,1,0,0,0,0,0,0,0,0,2
RP,7/3/12,C,10,8,0,0,14,0,1,0,0,0,0,0,0,7,0,2,0,61,0,0,2,1,0,5,0,0,0,0,2,0,0,2
RP,7/3/12,C,10,4,0,7,8,0,2,0,0,0,0,0,2,5,0,1,0,20,0,0,0,0,0,4,0,0,0,0,2,0,0,3
RP,7/3/12,C,10,2,1,4,15,0,3,0,0,0,0,0,0,1,0,0,0,3,0,0,0,0,0,2,0,0,0,0,1,0,0,1
RP,7/3/12,C,10,1,7,4,97,3,8,0,1,0,0,0,9,21,0,0,0,10,0,0,3,24,0,1,0,0,0,0,0,0,0,6
RP,7/3/12,C,11,8,1,0,2,0,0,0,0,0,0,0,0,1,0,0,0,4,0,0,0,0,0,0,0,0,0,0,0,0,0,0
RP,7/3/12,C,11,4,0,0,0,0,0,0,0,0,0,0,0,0,0,0,0,0,0,0,0,0,0,0,0,0,0,0,0,0,0,0
RP,7/3/12,C,11,2,0,0,5,0,0,0,0,0,0,0,1,2,0,0,0,0,0,0,0,0,0,0,0,3,0,0,0,0,0,0
RP,7/3/12,C,11,1,3,12,134,5,7,0,0,0,0,0,4,17,0,3,0,11,0,0,1,3,0,0,0,0,0,0,0,0,0,2
RP,7/3/12,C,12,8,0,0,10,0,0,0,0,0,0,0,0,0,0,0,0,0,0,0,0,0,0,0,0,0,0,0,0,0,0,0
RP,7/3/12,C,12,4,0,5,39,0,0,0,0,0,0,0,2,0,0,0,0,12,0,0,0,0,0,3,0,0,0,0,1,0,0,0
RP,7/3/12,C,12,2,1,0,14,1,0,0,0,0,0,0,0,0,0,0,0,2,0,0,0,1,0,0,0,0,1,0,0,0,0,0
RP,7/3/12,C,12,1,3,204,640,21,18,0,0,0,1,0,42,83,0,8,0,108,0,0,1,7,0,1,0,0,0,0,8,0,0,17
RP,7/3/12,C,13,8,0,0,12,0,1,0,0,0,0,0,0,0,0,0,0,0,0,0,0,0,0,1,0,0,0,0,0,0,0,0
RP,7/3/12,C,13,4,0,3,8,0,0,0,0,0,0,0,0,1,0,0,0,1,0,0,0,0,0,0,0,0,0,0,0,0,0,0
RP,7/3/12,C,13,2,0,0,11,0,1,0,0,0,0,0,0,0,0,0,0,0,0,0,0,0,0,0,0,0,0,0,0,0,0,0
RP,7/3/12,C,13,1,1,14,4,0,0,0,0,0,0,0,2,0,0,0,0,1,0,0,2,4,0,0,0,0,0,0,0,0,0,0
RP,7/3/12,C,14,8,0,0,6,0,0,0,0,0,0,0,0,0,0,1,0,7,0,0,0,0,0,2,0,0,0,0,0,0,0,0
RP,7/3/12,C,14,4,0,0,0,0,0,0,0,0,0,0,0,0,0,0,0,0,0,0,0,0,0,0,0,0,0,0,0,0,0,0
RP,7/3/12,C,14,2,1,2,49,2,1,0,0,0,0,0,0,2,0,1,0,3,0,0,0,0,0,0,0,0,0,0,0,0,0,0
RP,7/3/12,C,14,1,7,44,243,10,7,0,1,0,0,0,4,18,0,0,0,3,0,0,2,2,0,0,0,0,0,0,0,0,0,2
RP,7/3/12,C,15,8,0,0,0,0,0,0,0,0,0,0,0,0,0,0,0,0,0,0,0,0,0,0,0,0,0,0,0,0,0,0
RP,7/3/12,C,15,4,0,0,0,0,0,0,0,0,0,0,0,0,0,0,0,0,0,0,0,0,0,0,0,0,0,0,0,0,0,0
RP,7/3/12,C,15,2,0,0,3,0,2,0,0,0,0,0,0,3,0,0,0,0,0,0,0,0,0,0,0,0,0,0,0,0,0,0
RP,7/3/12,C,15,1,2,0,3,0,5,0,0,0,0,0,0,1,0,0,0,0,0,0,1,2,0,0,0,0,0,0,0,0,0,0
RP,7/3/12,C,16,8,0,0,0,0,0,0,0,0,0,0,0,0,0,0,0,0,0,0,0,0,0,0,0,0,0,0,0,0,0,0
RP,7/3/12,C,16,4,0,0,0,0,0,0,0,0,0,0,0,0,0,0,0,0,0,0,0,0,0,0,0,0,0,0,0,0,0,0
RP,7/3/12,C,16,2,0,0,10,0,2,0,0,0,0,0,0,0,0,0,0,0,0,0,1,1,0,0,0,0,0,0,0,0,0,0
RP,7/3/12,C,16,1,1,0,27,1,15,0,0,0,0,0,10,5,0,0,0,2,0,0,3,9,0,0,0,0,1,1,0,0,0,0
NB,7/10/12,C,1,8,1,0,0,0,0,0,0,0,0,0,1,1,0,0,0,0,0,0,0,0,0,0,0,0,0,0,0,0,0,0
NB,7/10/12,C,1,4,2,0,0,0,0,0,0,0,0,0,0,0,0,0,0,3,0,0,0,0,0,0,0,0,0,0,0,0,0,0
NB,7/10/12,C,1,2,2,0,0,0,0,0,0,0,0,0,0,0,0,0,0,6,0,0,0,0,0,1,0,0,0,0,0,0,0,0
NB,7/10/12,C,1,1,0,0,0,0,0,1,0,0,4,0,1,0,0,0,0,3,0,0,0,0,0,0,0,0,0,0,0,0,0,5
NB,7/10/12,C,2,8,0,0,0,0,0,0,0,0,0,0,0,0,0,0,0,0,0,0,0,0,0,0,0,0,0,0,0,0,0,0
NB,7/10/12,C,2,4,5,0,0,0,0,0,0,0,0,0,0,0,0,0,0,14,0,0,0,0,0,0,0,0,0,0,0,0,0,0
NB,7/10/12,C,2,2,5,0,0,0,0,0,0,0,0,0,0,0,0,0,0,3,0,0,0,0,0,0,0,0,0,0,0,0,0,0
NB,7/10/12,C,2,1,5,0,2,0,3,1,0,0,0,0,4,0,0,0,0,9,0,0,0,0,0,0,0,0,0,0,0,0,0,151
NB,7/10/12,C,3,8,0,0,0,0,0,0,0,0,0,0,0,0,0,0,0,0,0,0,0,0,0,0,0,0,0,0,0,0,0,0
NB,7/10/12,C,3,4,1,0,0,0,0,0,0,0,0,0,0,1,0,0,0,0,0,0,0,0,0,0,0,0,0,0,0,0,0,0
NB,7/10/12,C,3,2,2,0,0,0,0,0,0,0,0,0,0,1,0,0,0,4,0,0,0,0,0,0,0,0,0,0,0,0,0,0
NB,7/10/12,C,3,1,1,0,0,0,0,0,1,0,0,0,4,0,0,0,0,49,0,0,0,0,0,0,0,0,0,0,0,0,0,45
NB,7/10/12,C,4,8,0,0,0,0,0,0,0,0,0,0,0,0,0,0,0,0,0,0,0,0,0,0,0,0,0,0,0,0,0,0
NB,7/10/12,C,4,4,1,0,0,0,0,0,0,0,0,0,0,0,0,0,0,0,0,0,0,0,0,0,0,0,0,0,0,0,0,0
NB,7/10/12,C,4,2,1,0,0,0,0,0,0,0,0,0,1,0,0,0,0,3,0,0,0,0,0,0,0,2,0,0,0,0,0,0
NB,7/10/12,C,4,1,5,0,0,0,0,0,0,0,0,0,1,1,0,0,0,12,0,0,0,0,0,0,0,1,0,0,0,0,0,49
NB,7/10/12,C,5,8,0,0,0,0,0,0,0,0,0,0,0,0,0,0,0,0,0,0,0,0,0,0,0,0,0,0,0,0,0,0
NB,7/10/12,C,5,4,0,0,0,0,0,0,0,0,0,0,0,0,0,0,0,0,0,0,0,0,0,0,0,0,0,0,0,0,0,0
NB,7/10/12,C,5,2,6,0,0,1,0,0,0,0,0,0,0,0,0,0,0,33,0,0,0,0,0,0,0,0,0,0,0,0,0,1
NB,7/10/12,C,5,1,1,1,0,1,0,0,1,0,0,0,4,2,1,0,0,30,0,0,0,0,0,0,0,0,0,0,0,0,0,14
NB,7/10/12,C,6,8,0,0,0,0,0,0,0,0,0,0,0,0,0,0,0,0,0,0,0,0,0,0,0,0,0,0,0,0,0,0
NB,7/10/12,C,6,4,0,0,0,0,0,0,0,0,0,0,0,0,0,0,0,0,0,0,0,0,0,0,0,0,0,0,0,0,0,0
NB,7/10/12,C,6,2,1,0,0,0,0,0,0,0,0,0,0,0,0,0,0,10,0,0,0,0,0,0,0,0,0,0,0,0,0,0
NB,7/10/12,C,6,1,4,0,0,0,0,0,0,0,1,0,0,0,0,0,0,30,0,0,1,0,0,1,0,0,0,0,0,0,0,8
NB,7/10/12,C,7,8,2,0,0,0,0,0,0,0,0,0,0,0,0,0,0,2,0,0,0,0,0,0,0,0,0,0,0,0,0,0
NB,7/10/12,C,7,4,3,0,0,0,0,0,0,0,0,0,0,0,0,0,0,2,0,0,0,0,0,0,0,0,0,0,0,0,0,0
NB,7/10/12,C,7,2,2,0,0,0,0,0,0,0,0,0,0,0,0,0,0,6,0,0,0,0,0,0,0,0,0,0,0,0,0,0
NB,7/10/12,C,7,1,0,0,0,0,0,0,0,0,0,0,2,0,0,0,0,22,0,0,0,0,0,3,0,1,0,0,1,0,0,34
NB,7/10/12,C,8,8,1,0,0,0,0,0,0,0,0,0,0,0,0,0,0,3,0,0,0,0,0,0,0,0,0,0,0,0,0,0
NB,7/10/12,C,8,4,3,0,0,0,0,0,0,0,0,0,0,0,0,0,0,0,0,0,0,0,0,0,0,0,0,0,0,0,0,0
NB,7/10/12,C,8,2,2,0,0,0,0,0,0,0,0,0,0,0,0,0,0,3,0,0,0,0,0,0,0,0,0,0,0,0,0,1
NB,7/10/12,C,8,1,5,0,0,0,0,0,1,0,0,0,1,0,0,0,0,37,0,0,0,0,0,1,0,0,0,0,0,0,0,132
NB,7/10/12,C,9,8,0,0,0,0,0,0,0,0,0,0,0,0,0,0,0,0,0,0,0,0,0,0,0,0,0,0,0,0,0,0
NB,7/10/12,C,9,4,0,0,0,0,0,0,0,0,0,0,0,0,0,0,0,0,0,0,0,0,0,0,0,0,0,0,0,0,0,0
NB,7/10/12,C,9,2,2,0,0,0,0,0,0,0,0,0,0,0,0,0,0,0,0,0,0,0,0,0,0,0,0,0,0,0,0,0
NB,7/10/12,C,9,1,0,0,1,0,0,0,0,0,0,0,0,0,0,0,0,1,0,0,0,0,0,0,0,0,0,0,0,0,0,2
NB,7/10/12,C,10,8,2,0,0,0,0,0,0,0,0,0,0,0,0,0,0,1,0,0,0,0,0,0,0,0,0,0,0,0,0,0
NB,7/10/12,C,10,4,2,0,0,0,0,0,0,0,0,0,0,0,0,0,0,0,0,0,0,0,0,0,0,0,0,0,0,0,0,0
NB,7/10/12,C,10,2,3,0,0,0,1,0,0,0,0,0,0,0,0,0,0,0,0,0,1,0,0,0,0,0,0,0,0,0,0,2
NB,7/10/12,C,10,1,2,0,0,1,2,0,2,0,0,0,10,4,0,0,0,53,0,0,0,0,0,39,0,0,0,0,0,0,0,248
NB,7/10/12,C,11,8,0,0,0,0,0,0,0,0,0,0,0,0,0,0,0,0,0,0,0,0,0,0,0,0,0,0,0,0,0,0
NB,7/10/12,C,11,4,2,0,0,0,0,0,0,0,0,0,0,0,0,0,0,0,0,0,0,0,0,0,0,0,0,0,0,0,0,0
NB,7/10/12,C,11,2,2,0,0,0,0,0,0,0,0,0,0,0,0,0,0,2,0,0,0,0,0,0,0,0,0,0,0,0,0,0
NB,7/10/12,C,11,1,2,0,0,0,0,0,0,0,0,0,0,0,0,0,0,6,0,0,0,0,0,0,0,0,0,0,0,0,0,20
NB,7/10/12,C,12,8,0,0,0,0,0,0,0,0,0,0,0,0,0,0,0,0,0,0,0,0,0,0,0,0,0,0,0,0,0,0
NB,7/10/12,C,12,4,1,0,0,0,0,0,0,0,0,0,0,0,0,0,0,0,0,0,0,0,0,0,0,0,0,0,0,0,0,0
NB,7/10/12,C,12,2,0,0,0,0,0,0,0,0,0,0,0,0,0,0,0,0,0,0,0,0,0,0,0,0,0,0,0,0,0,0
NB,7/10/12,C,12,1,5,1,0,0,0,0,1,0,0,0,2,0,0,0,0,15,0,0,0,0,0,1,0,0,0,0,0,0,0,26
NB,7/10/12,C,13,8,2,0,0,0,0,0,0,0,0,0,0,0,0,0,0,2,0,0,0,0,0,1,0,0,0,0,0,0,0,0
NB,7/10/12,C,13,4,5,0,0,0,0,0,0,0,0,0,0,0,0,0,0,1,0,0,0,0,0,0,0,0,0,0,0,0,0,1
NB,7/10/12,C,13,2,1,0,0,0,0,0,0,0,0,0,0,0,0,0,0,6,0,0,0,0,0,0,0,1,0,0,0,0,0,0
NB,7/10/12,C,13,1,7,0,0,0,4,1,0,0,0,0,4,1,0,0,0,66,0,0,0,0,0,26,0,0,0,0,0,0,0,177
NB,7/10/12,C,14,8,0,0,0,0,0,0,0,0,0,0,0,0,0,0,0,0,0,0,0,0,0,0,0,0,0,0,0,0,0,0
NB,7/10/12,C,14,4,3,0,0,0,0,0,0,0,0,0,0,0,0,0,0,1,0,0,0,0,0,0,0,0,0,0,0,0,0,0
NB,7/10/12,C,14,2,0,0,0,0,0,0,0,0,0,0,0,0,0,0,0,0,0,0,0,0,0,0,0,0,0,0,0,0,0,0
NB,7/10/12,C,14,1,8,0,0,1,1,0,0,0,0,0,7,1,0,0,0,26,0,0,0,0,0,12,0,0,0,0,0,0,0,182
NB,7/10/12,C,15,8,1,0,0,0,0,0,0,0,0,0,0,0,0,0,0,1,0,0,0,0,0,0,0,0,0,0,0,0,0,0
NB,7/10/12,C,15,4,2,0,0,0,0,0,0,0,0,0,0,0,0,0,0,6,0,0,0,0,0,0,0,0,0,0,0,0,0,0
NB,7/10/12,C,15,2,5,0,0,0,0,0,0,0,0,0,0,0,0,0,0,12,0,0,0,0,0,0,0,0,0,0,0,0,0,0
NB,7/10/12,C,15,1,9,0,0,0,2,3,0,0,0,0,0,2,0,0,0,61,0,0,0,0,0,0,0,0,0,0,0,0,0,53
NB,7/10/12,C,16,8,2,0,0,0,0,0,0,0,0,0,0,0,0,0,0,0,0,0,0,0,0,0,0,0,0,0,0,0,0,0
NB,7/10/12,C,16,4,4,0,0,0,1,0,0,0,0,0,0,0,0,0,0,1,0,0,0,0,0,0,0,0,0,0,0,0,0,0
NB,7/10/12,C,16,2,1,0,0,0,0,0,0,0,0,0,0,0,0,0,0,5,0,0,0,0,0,0,0,0,0,0,0,0,0,0
NB,7/10/12,C,16,1,4,0,0,0,0,0,0,0,0,0,0,0,0,0,0,9,0,0,0,0,0,2,0,0,0,0,0,0,0,43
CB,7/5/12,C ,1,8,1,0,0,0,0,0,0,0,0,0,0,0,0,0,0,0,0,0,0,0,0,0,0,0,0,0,0,0,0,0
CB,7/5/12,C,1,4,0,0,0,2,0,0,0,0,0,0,0,0,0,0,0,0,0,0,0,0,0,0,0,0,0,0,0,0,0,0
CB,7/5/12,C,1,2,3,0,0,0,0,0,0,0,0,0,0,0,0,0,0,8,0,0,0,0,0,1,0,0,0,0,0,0,0,0
CB,7/5/12,C,1,1,12,0,0,0,0,0,0,0,0,0,11,1,0,0,0,49,0,0,0,0,0,1,0,0,0,0,0,0,0,44
CB,7/5/12,C ,2,8,1,0,0,0,0,0,0,0,0,0,0,0,0,0,0,17,0,0,0,0,0,0,0,0,0,0,0,0,0,0
CB,7/5/12,C,2,4,0,0,0,0,0,0,0,0,0,0,0,0,0,0,0,0,0,0,0,0,0,0,0,0,0,0,0,0,0,0
CB,7/5/12,C,2,2,1,0,0,0,0,0,0,0,0,0,0,0,0,0,0,1,0,0,0,0,0,0,0,0,0,0,0,0,0,0
CB,7/5/12,C,2,1,3,0,1,0,3,0,0,0,0,0,2,0,0,0,0,14,0,0,0,0,0,0,0,0,0,0,0,0,0,0
CB,7/5/12,C ,3,8,1,0,0,0,0,0,0,0,0,0,0,0,0,0,0,0,0,0,0,0,0,0,0,0,0,0,0,0,0,0
CB,7/5/12,C,3,4,0,0,0,0,0,0,0,0,0,0,0,0,0,0,0,0,0,0,0,0,0,0,0,0,0,0,0,0,0,0
CB,7/5/12,C,3,2,1,0,0,0,0,0,0,0,0,0,0,0,0,0,0,1,0,0,0,0,0,0,0,0,0,0,0,0,0,0
CB,7/5/12,C,3,1,1,0,10,3,0,0,0,0,0,0,5,0,0,0,0,80,0,0,0,0,0,14,0,0,0,0,1,0,0,24
CB,7/5/12,C,4,8,0,0,0,0,0,0,0,0,0,0,0,0,0,0,0,0,0,0,0,0,0,0,0,0,0,0,0,0,0,0
CB,7/5/12,C,4,4,1,0,0,1,0,0,0,0,0,0,0,0,0,0,0,0,0,0,0,0,0,0,0,0,0,0,0,0,0,0
CB,7/5/12,C,4,2,4,0,0,0,1,0,0,0,0,0,0,0,0,0,0,5,0,0,0,0,0,0,0,0,0,0,0,0,0,0
CB,7/5/12,C,4,1,4,0,0,3,0,0,1,0,0,0,43,0,0,0,0,82,0,0,0,0,0,42,0,0,0,0,1,0,0,92
CB,7/5/12,C,5,8,0,0,0,0,0,0,0,0,0,0,0,0,0,0,0,0,0,0,0,0,0,0,0,0,0,0,0,0,0,0
CB,7/5/12,C,5,4,1,0,0,1,0,0,0,0,0,0,0,0,0,0,0,6,0,0,0,0,0,1,0,0,0,0,0,0,0,0
CB,7/5/12,C,5,2,1,0,0,0,0,0,0,0,0,0,0,0,0,0,0,2,0,0,0,0,0,0,0,0,0,0,0,0,0,1
CB,7/5/12,C,5,1,2,0,0,2,0,0,0,0,1,0,1,0,0,0,0,124,0,0,0,0,0,4,0,0,0,0,0,0,0,14
CB,7/5/12,C,6,8,0,0,0,0,0,0,0,0,0,0,0,0,0,0,0,0,0,0,0,0,0,0,0,0,0,0,0,0,0,0
CB,7/5/12,C,6,4,0,0,0,0,0,0,0,0,0,0,0,0,0,0,0,0,0,0,0,0,0,0,0,0,0,0,0,0,0,0
CB,7/5/12,C,6,2,1,0,0,0,1,0,0,0,0,0,0,0,0,0,0,18,0,0,0,0,0,0,0,0,0,0,0,0,0,2
CB,7/5/12,C,6,1,1,0,0,1,1,0,0,0,0,0,1,0,0,0,0,68,0,0,0,0,0,0,0,0,0,0,0,0,0,0
CB,7/5/12,C ,7,8,2,0,0,0,0,0,0,0,0,0,0,0,0,0,0,1,0,0,0,0,0,0,0,0,0,0,0,0,0,0
CB,7/5/12,C,7,4,0,0,0,0,0,0,0,0,0,0,0,0,0,0,0,0,0,0,0,0,0,0,0,0,0,0,0,0,0,0
CB,7/5/12,C,7,2,0,0,0,0,1,0,0,0,0,0,1,0,0,0,0,3,0,0,0,0,0,0,0,0,0,0,0,0,0,0
CB,7/5/12,C,7,1,2,0,0,4,0,0,1,0,3,0,39,0,0,0,0,93,0,0,2,0,0,0,0,0,0,0,0,0,0,8
CB,7/5/12,C,8,8,0,0,0,0,0,0,0,0,0,0,0,0,0,0,0,0,0,0,0,0,0,0,0,0,0,0,0,0,0,0
CB,7/5/12,C,8,4,0,0,0,0,0,0,0,0,0,1,0,0,0,0,0,0,0,0,0,0,0,0,0,0,0,0,0,0,0,0
CB,7/5/12,C,8,2,0,0,0,0,0,0,0,0,0,0,0,0,0,0,0,0,0,0,0,0,0,0,0,0,0,0,0,0,0,0
CB,7/5/12,C,8,1,1,0,1,1,0,0,0,0,0,0,1,0,0,0,0,21,0,0,0,0,0,0,0,0,0,0,0,0,0,0
CB,7/5/12,C ,9,8,1,0,0,0,0,0,0,0,0,0,1,0,0,0,0,5,0,0,0,0,0,5,0,0,0,0,0,0,0,1
CB,7/5/12,C,9,4,0,0,0,0,0,0,0,0,0,0,0,0,0,0,0,0,0,0,0,0,0,0,0,0,0,0,0,0,0,0
CB,7/5/12,C,9,2,0,0,0,0,0,0,0,0,0,0,0,0,0,0,0,0,0,0,0,0,0,0,0,0,0,0,0,0,0,0
CB,7/5/12,C,9,1,1,0,0,0,0,0,0,0,0,0,6,0,0,0,0,8,0,0,0,0,0,0,0,0,0,0,0,0,0,4
CB,7/5/12,C,10,8,0,0,0,0,0,0,0,0,0,0,0,0,0,0,0,0,0,0,0,0,0,0,0,0,0,0,0,0,0,0
CB,7/5/12,C,10,4,0,0,0,0,0,0,0,0,0,0,0,0,0,0,0,0,0,0,0,0,0,0,0,0,0,0,0,0,0,0
CB,7/5/12,C,10,2,0,0,0,0,0,0,0,0,0,0,0,0,0,0,0,0,0,0,0,0,0,0,0,0,0,0,0,0,0,0
CB,7/5/12,C,10,1,0,0,0,0,0,0,0,0,0,0,4,0,0,0,0,8,0,0,0,0,0,0,0,0,0,0,0,0,0,0
CB,7/5/12,C,11,8,0,0,0,0,0,0,0,0,0,0,0,0,0,0,0,0,0,0,0,0,0,0,0,0,0,0,0,0,0,0
CB,7/5/12,C,11,4,0,0,0,0,0,0,0,0,0,0,0,0,0,0,0,0,0,0,0,0,0,0,0,0,0,0,0,0,0,0
CB,7/5/12,C,11,2,0,0,0,0,0,0,0,0,0,0,0,0,0,0,0,0,0,0,0,0,0,0,0,0,0,0,0,0,0,0
CB,7/5/12,C,11,1,0,0,0,1,0,0,0,0,1,0,8,0,0,1,0,64,0,0,1,0,0,4,0,0,0,0,0,0,0,3
CB,7/5/12,C ,12,8,1,0,0,0,0,0,0,0,0,0,0,0,0,0,0,3,0,0,0,0,0,1,0,0,0,0,0,0,0,0
CB,7/5/12,C,12,4,0,0,0,0,0,0,0,0,0,0,0,0,0,0,0,0,0,0,0,0,0,0,0,0,0,0,0,0,0,0
CB,7/5/12,C,12,2,2,0,0,0,0,0,0,0,0,0,0,0,0,0,0,19,0,0,0,0,0,0,0,0,0,0,0,0,0,0
CB,7/5/12,C,12,1,3,0,2,0,2,0,0,0,0,0,1,1,0,0,0,68,0,0,0,0,0,0,0,0,0,0,0,0,0,55
CB,7/5/12,C,13,8,0,0,0,0,0,0,0,0,0,0,0,0,0,0,0,0,0,0,0,0,0,0,0,0,0,0,0,0,0,0
CB,7/5/12,C,13,4,0,0,0,0,0,0,0,0,0,0,0,0,0,0,0,0,0,0,0,0,0,0,0,0,0,0,0,0,0,0
CB,7/5/12,C,13,2,1,0,0,0,0,0,0,0,0,0,0,0,0,0,0,43,0,0,0,0,0,0,0,0,0,0,0,0,0,1
CB,7/5/12,C,13,1,0,0,1,1,0,0,0,0,0,0,12,0,0,1,0,146,0,0,0,0,0,4,0,0,0,0,0,0,0,33
CB,7/5/12,C,14,8,0,0,0,0,0,0,0,0,0,0,0,0,0,0,0,0,0,0,0,0,0,0,0,0,0,0,0,0,0,0
CB,7/5/12,C,14,4,0,0,0,0,0,0,0,0,0,0,0,0,0,0,0,0,0,0,0,0,0,0,0,0,0,0,0,0,0,0
CB,7/5/12,C,14,2,0,0,0,0,0,0,0,0,0,0,0,0,0,0,0,0,0,0,0,0,0,0,0,0,0,0,0,0,0,0
CB,7/5/12,C,14,1,1,0,2,2,0,0,0,0,0,0,0,0,0,0,0,89,0,0,0,0,0,0,0,0,0,0,0,0,0,45
CB,7/5/12,C,15,8,0,0,0,0,0,0,0,0,0,0,0,0,0,0,0,0,0,0,0,0,0,0,0,0,0,0,0,0,0,0
CB,7/5/12,C,15,4,0,0,0,0,0,0,0,0,0,0,0,0,0,0,0,0,0,0,0,0,0,0,0,0,0,0,0,0,0,0
CB,7/5/12,C,15,2,2,0,0,0,0,0,0,0,0,0,0,0,0,0,0,0,0,0,0,0,0,0,0,0,0,0,0,0,0,0
CB,7/5/12,C,15,1,2,0,1,0,0,0,1,0,0,0,12,0,0,1,0,108,0,0,0,0,0,3,0,0,0,0,0,0,0,16
CB,7/5/12,C,16,8,0,0,0,0,0,0,0,0,0,0,0,0,0,0,0,0,0,0,0,0,0,0,0,0,0,0,0,0,0,0
CB,7/5/12,C,16,4,1,0,0,0,0,0,0,0,0,0,0,0,0,0,0,12,0,0,0,0,0,0,0,0,0,0,0,0,0,2
CB,7/5/12,C,16,2,3,0,0,0,0,0,0,0,0,0,0,0,0,0,0,7,0,0,0,0,0,0,0,0,0,0,0,0,0,0
CB,7/5/12,C,16,1,2,0,0,0,2,0,0,0,0,0,4,0,0,0,0,72,0,0,0,0,0,2,0,0,0,0,0,0,0,8
DC,8/3/12,E,1,8,1,0,2,0,0,0,0,0,0,0,0,0,0,0,0,0,0,0,0,0,0,0,0,0,0,0,0,0,0,0
DC,8/3/12,E,1,4,2,0,14,0,0,0,0,0,0,0,0,1,0,0,0,0,0,0,0,0,0,0,0,0,0,0,0,0,0,0
DC,8/3/12,E,1,2,1,38,47,0,0,0,0,0,0,0,0,0,0,0,0,0,0,0,0,0,0,0,0,0,0,0,0,0,0,0
DC,8/3/12,E,1,1,8,343,135,8,1,0,0,0,3,0,0,4,0,0,0,0,0,0,0,0,0,0,0,0,0,0,0,0,0,0
DC,8/3/12,E,2,8,0,0,7,0,0,0,0,0,0,0,0,0,0,0,1,0,0,0,0,0,0,0,0,0,0,0,0,0,0,0
DC,8/3/12,E,2,4,0,0,12,0,0,0,0,0,0,0,0,0,0,0,0,0,0,0,0,0,0,0,0,0,0,0,0,0,0,0
DC,8/3/12,E,2,2,2,21,44,0,0,0,0,0,0,0,0,1,0,0,0,0,0,0,0,0,0,0,0,0,0,0,0,0,0,0
DC,8/3/12,E,2,1,4,458,260,18,8,1,0,0,8,0,0,11,0,0,0,1,0,0,0,0,0,0,0,0,0,0,0,0,0,0
DC,8/3/12,E,3,8,1,0,12,0,0,0,0,0,0,0,0,0,0,0,1,0,0,0,0,0,0,0,0,1,0,0,0,0,0,0
DC,8/3/12,E,3,4,0,0,38,0,0,0,0,0,0,0,0,0,0,0,0,0,0,0,0,0,0,0,0,0,0,0,0,0,0,0
DC,8/3/12,E,3,2,3,43,76,0,0,0,0,0,0,0,0,0,0,0,0,0,0,0,0,0,0,0,0,0,0,0,0,0,0,0
DC,8/3/12,E,3,1,3,318,176,20,13,0,0,0,14,0,0,6,0,0,0,0,0,0,0,0,0,0,0,0,0,0,0,0,0,0
DC,8/3/12,E,4,8,2,0,4,0,0,0,0,0,0,0,0,0,0,0,0,0,0,0,0,0,0,0,0,0,0,0,1,0,0,0
DC,8/3/12,E,4,4,1,0,9,0,0,0,0,0,0,0,0,0,0,0,0,0,0,0,0,0,0,0,0,0,0,0,0,0,0,0
DC,8/3/12,E,4,2,1,20,27,0,0,0,0,0,0,0,0,0,0,0,0,0,0,0,0,0,0,0,0,0,0,0,0,0,0,0
DC,8/3/12,E,4,1,1,225,100,2,4,0,0,0,11,0,0,5,0,1,0,0,0,0,0,0,0,0,0,0,0,0,0,0,0,0
DC,8/3/12,E,5,8,0,0,12,0,0,0,0,0,0,0,0,0,0,0,1,0,0,0,0,0,0,0,0,0,0,0,0,0,0,0
DC,8/3/12,E,5,4,0,0,30,0,0,0,0,0,0,0,0,0,0,0,0,0,0,0,0,0,0,0,0,0,0,0,0,0,0,0
DC,8/3/12,E,5,2,1,34,17,0,0,0,0,0,0,0,0,0,0,0,0,0,0,0,0,0,0,0,0,0,0,0,0,0,0,0
DC,8/3/12,E,5,1,0,302,112,5,12,0,0,0,8,0,0,2,0,0,0,0,0,0,0,0,0,0,0,0,0,0,0,0,0,0
DC,8/3/12,E,6,8,0,0,0,0,0,0,0,0,0,0,0,0,0,0,0,0,0,0,0,0,0,0,0,0,0,0,0,0,0,0
DC,8/3/12,E,6,4,1,0,4,0,0,0,0,0,0,0,0,0,0,0,0,0,0,0,0,0,0,0,0,0,0,0,0,0,0,0
DC,8/3/12,E,6,2,1,46,9,0,0,0,0,0,0,0,0,0,0,0,0,0,0,0,0,0,0,0,0,0,0,0,0,0,0,0
DC,8/3/12,E,6,1,1,956,163,27,1,0,0,0,0,0,0,4,0,0,0,0,0,0,0,0,0,0,0,0,0,0,0,1,0,0
DC,8/3/12,E,7,8,0,0,3,0,0,0,0,0,0,0,0,0,0,0,0,0,0,0,0,0,0,0,0,0,0,0,0,0,0,0
DC,8/3/12,E,7,4,1,0,13,0,0,0,0,0,0,0,0,1,0,0,0,0,0,0,0,0,0,0,0,0,0,0,0,0,0,0
DC,8/3/12,E,7,2,1,18,48,0,0,0,0,0,0,0,0,0,1,0,0,0,0,0,0,0,0,0,0,0,0,0,0,0,0,0
DC,8/3/12,E,7,1,1,617,381,50,1,0,0,0,0,0,0,6,0,0,0,2,0,0,0,0,0,0,0,0,0,0,0,0,0,0
DC,8/3/12,E,8,8,0,0,15,0,0,0,0,0,0,0,0,0,0,0,0,0,0,0,0,0,0,0,0,0,0,0,0,0,0,0
DC,8/3/12,E,8,4,0,1,29,0,0,0,0,0,0,0,0,0,0,0,0,0,0,0,0,0,0,0,0,0,0,0,0,0,0,0
DC,8/3/12,E,8,2,4,23,88,0,0,0,0,0,0,0,0,0,0,0,0,0,0,0,0,0,0,0,0,0,0,0,0,0,0,0
DC,8/3/12,E,8,1,4,841,472,48,2,0,0,0,5,0,3,15,0,0,0,4,0,0,0,0,0,0,0,0,0,0,1,3,0,0
DC,8/3/12,E,9,8,3,0,14,0,0,0,0,0,0,0,0,0,0,0,1,0,0,0,0,0,0,0,0,0,0,0,0,0,0,0
DC,8/3/12,E,9,4,0,0,11,0,0,0,0,0,0,0,0,0,0,0,0,0,0,0,0,0,0,0,0,0,0,0,0,0,0,0
DC,8/3/12,E,9,2,1,35,40,0,0,0,0,0,0,0,0,0,0,0,0,0,0,0,0,0,0,0,0,0,0,0,0,0,0,0
DC,8/3/12,E,9,1,2,604,349,46,0,0,0,0,9,0,2,8,0,0,0,1,0,0,0,0,0,0,0,0,0,0,2,1,0,1
DC,8/3/12,E,10,8,1,0,26,0,0,0,0,0,0,0,0,0,0,0,0,0,0,0,0,0,0,0,0,0,0,0,0,0,0,0
DC,8/3/12,E,10,4,1,0,57,0,0,0,0,0,0,0,0,0,0,0,0,0,0,0,0,0,0,0,0,0,0,0,0,0,0,0
DC,8/3/12,E,10,2,4,36,106,0,0,0,0,0,0,0,0,1,0,0,0,0,0,0,0,0,0,0,0,0,0,0,0,0,0,0
DC,8/3/12,E,10,1,6,749,560,49,1,0,0,0,3,0,1,4,0,0,0,0,0,0,0,0,0,0,0,0,0,0,0,4,0,0
DC,8/3/12,E,11,8,1,0,3,0,0,0,0,0,0,0,0,0,0,0,1,0,0,0,0,0,0,0,0,0,0,0,0,0,0,0
DC,8/3/12,E,11,4,1,0,24,0,0,0,0,0,0,0,0,1,0,0,0,0,0,0,0,0,0,0,0,0,0,0,0,0,0,0
DC,8/3/12,E,11,2,0,56,82,0,0,0,0,0,1,0,0,1,0,0,0,0,0,0,0,0,0,0,0,0,0,0,0,0,0,0
DC,8/3/12,E,11,1,1,830,345,21,5,0,0,0,0,0,5,0,0,0,0,1,0,0,0,0,0,0,0,0,0,0,0,0,0,0
DC,8/3/12,E,12,8,2,0,13,0,0,0,0,0,0,0,0,1,0,0,0,0,0,0,0,0,0,0,0,0,0,0,0,0,0,0
DC,8/3/12,E,12,4,2,0,68,0,0,0,0,0,0,0,0,0,0,0,0,0,0,0,0,0,0,0,0,0,0,0,0,0,0,0
DC,8/3/12,E,12,2,2,17,80,0,0,0,0,0,0,0,0,0,0,0,0,0,0,0,0,0,0,0,0,0,0,0,0,0,0,0
DC,8/3/12,E,12,1,5,522,659,56,1,0,0,0,7,0,1,11,0,0,0,4,0,0,0,0,0,0,0,0,0,0,2,1,0,0
DC,8/3/12,E,13,8,1,0,5,0,0,0,0,0,0,0,0,0,0,0,1,0,0,0,0,0,0,0,0,0,0,0,0,0,0,0
DC,8/3/12,E,13,4,3,0,35,0,0,0,0,0,0,0,0,0,0,0,0,0,0,0,0,0,0,0,0,0,0,0,0,0,0,0
DC,8/3/12,E,13,2,6,40,114,0,0,0,0,0,0,0,0,1,0,0,0,0,0,0,0,0,0,0,0,0,0,0,0,0,0,0
DC,8/3/12,E,13,1,6,827,456,56,0,0,0,0,6,0,1,7,0,1,0,4,0,0,0,0,0,0,0,0,0,0,0,1,0,0
DC,8/3/12,E,14,8,0,2,26,0,0,0,0,0,0,0,0,0,0,0,0,0,0,0,0,0,0,0,0,0,0,0,0,0,0,0
DC,8/3/12,E,14,4,1,0,114,0,0,0,0,0,0,0,0,1,0,0,0,0,0,0,0,0,0,0,0,0,0,0,0,0,0,0
DC,8/3/12,E,14,2,2,30,108,0,0,0,0,0,0,0,0,0,0,0,0,0,0,0,0,0,0,0,0,0,0,0,0,0,0,0
DC,8/3/12,E,14,1,2,617,569,33,2,0,0,0,4,2,0,7,0,0,0,3,0,0,0,0,0,0,0,0,0,0,0,1,0,0
DC,8/3/12,E,15,8,0,0,0,0,0,0,0,0,0,0,0,0,0,0,0,0,0,0,0,0,0,0,0,0,0,0,0,0,0,0
DC,8/3/12,E,15,4,1,0,45,0,0,0,0,0,0,0,0,1,0,0,0,0,0,0,0,0,0,0,0,0,0,0,0,0,0,0
DC,8/3/12,E,15,2,2,0,78,0,0,0,0,0,0,0,0,1,0,0,0,0,0,0,0,0,0,0,0,0,0,0,0,0,0,0
DC,8/3/12,E,15,1,1,408,470,62,2,0,0,0,10,1,3,15,0,0,0,8,0,0,0,0,0,0,0,0,1,0,0,0,0,1
DC,8/3/12,E,16,8,0,4,26,0,0,0,0,0,0,0,0,3,0,0,0,0,0,0,0,0,0,0,0,1,0,0,0,0,0,0
DC,8/3/12,E,16,4,1,5,127,0,0,0,0,0,0,0,0,1,0,0,0,0,0,0,0,0,0,0,0,0,0,0,0,0,0,0
DC,8/3/12,E,16,2,5,59,162,0,1,0,0,0,1,1,0,1,0,0,0,0,0,0,0,0,0,0,0,0,0,0,0,0,0,0
DC,8/3/12,E,16,1,3,907,690,40,1,0,0,0,2,2,1,13,0,0,0,3,0,0,0,0,0,0,0,0,1,0,0,1,0,0
WI,8/5/12,E,1,8,1,0,7,0,0,0,0,0,0,0,0,0,0,0,0,0,0,0,0,0,0,0,0,0,0,0,0,0,0,0
WI,8/5/12,E,1,4,0,0,14,0,0,0,0,0,0,0,0,0,0,0,0,0,0,0,0,0,0,0,0,2,0,0,0,0,0,0
WI,8/5/12,E,1,2,0,0,31,3,0,0,0,0,0,0,0,2,0,0,0,13,0,0,0,0,0,0,0,0,0,0,0,0,0,0
WI,8/5/12,E,1,1,1,7,62,2,3,1,7,0,2,1,0,63,0,1,0,175,0,0,4,16,2,0,0,0,0,0,0,0,0,0
WI,8/5/12,E,2,8,0,0,6,0,0,0,0,0,0,0,0,0,0,0,0,0,0,0,0,0,0,0,0,0,0,0,0,0,0,0
WI,8/5/12,E,2,4,0,0,16,0,0,0,0,0,0,0,0,0,0,0,0,0,0,0,0,0,0,0,0,1,0,0,0,0,0,0
WI,8/5/12,E,2,2,0,0,7,3,0,0,0,0,0,0,0,0,0,1,1,10,0,0,1,0,0,0,0,1,0,0,0,0,0,0
WI,8/5/12,E,2,1,7,4,57,4,11,2,5,0,5,0,0,43,0,0,0,329,0,0,3,56,1,0,0,0,0,0,0,0,0,0
WI,8/5/12,E,3,8,0,0,8,0,0,0,0,0,0,0,0,0,0,0,0,0,0,0,0,0,0,0,0,1,0,0,0,0,0,0
WI,8/5/12,E,3,4,0,0,10,0,0,0,0,0,0,0,0,9,0,0,0,0,0,0,0,0,0,0,0,1,0,0,0,0,0,0
WI,8/5/12,E,3,2,0,1,37,3,0,0,0,0,0,0,0,5,0,1,0,20,0,0,2,0,0,0,0,1,0,0,0,0,0,0
WI,8/5/12,E,3,1,2,1,78,5,3,0,23,0,2,1,0,71,0,6,0,366,0,0,6,40,1,0,0,0,0,0,0,0,0,0
WI,8/5/12,E,4,8,0,0,0,0,0,0,0,0,0,0,0,0,0,0,0,0,0,0,0,0,0,0,0,0,0,0,0,0,0,0
WI,8/5/12,E,4,4,0,0,3,0,0,0,0,0,0,0,0,0,0,0,0,0,0,0,0,0,0,0,0,0,0,0,0,0,0,0
WI,8/5/12,E,4,2,3,0,3,0,0,0,0,0,0,0,0,1,0,0,0,1,0,0,1,0,0,0,0,0,0,0,0,0,0,0
WI,8/5/12,E,4,1,4,0,10,0,3,0,0,0,0,0,0,12,0,1,0,47,0,0,1,21,0,0,0,0,0,0,0,0,0,0
WI,8/5/12,E,5,8,0,0,13,0,0,0,0,0,0,0,0,1,0,0,0,0,0,0,0,0,0,0,0,0,0,0,0,0,0,0
WI,8/5/12,E,5,4,0,0,17,0,0,0,0,0,0,0,0,0,0,0,0,0,0,0,0,0,0,0,0,2,0,0,0,0,0,0
WI,8/5/12,E,5,2,0,0,49,5,0,0,1,0,0,0,0,3,0,0,1,7,0,0,2,0,0,0,0,2,0,0,0,0,0,0
WI,8/5/12,E,5,1,4,0,67,2,3,0,5,0,0,1,0,39,0,0,0,178,0,0,7,21,0,0,0,0,0,0,0,0,0,0
WI,8/5/12,E,6,8,0,0,8,0,0,0,0,0,0,0,0,0,0,0,0,0,0,0,0,0,0,0,0,1,0,0,0,0,0,0
WI,8/5/12,E,6,4,0,0,41,1,0,0,0,0,0,0,0,3,0,0,0,0,0,0,0,0,0,0,0,4,0,0,0,0,0,0
WI,8/5/12,E,6,2,0,0,50,2,0,0,0,0,0,0,0,1,0,0,0,4,0,0,0,0,1,0,0,0,0,0,1,0,0,0
WI,8/5/12,E,6,1,4,1,109,12,3,0,0,0,1,0,0,29,0,0,0,209,0,0,0,19,0,0,0,0,0,0,0,8,0,0
WI,8/5/12,E,7,8,0,0,5,0,0,0,0,0,0,1,0,0,0,0,0,0,0,1,0,0,0,0,0,0,0,0,0,0,0,0
WI,8/5/12,E,7,4,0,0,12,0,0,0,0,0,0,0,0,1,0,0,0,0,0,0,0,0,0,0,0,1,0,0,0,0,0,0
WI,8/5/12,E,7,2,1,0,21,4,2,0,0,0,0,0,0,0,1,0,0,5,0,0,0,0,0,0,0,0,0,0,0,0,0,0
WI,8/5/12,E,7,1,1,0,36,0,9,0,4,0,0,0,0,13,0,1,0,106,0,0,2,56,0,0,0,0,0,0,0,0,0,0
WI,8/5/12,E,8,8,0,0,11,0,0,0,0,0,0,0,0,0,0,0,0,0,0,0,0,0,0,0,0,0,0,0,0,0,0,0
WI,8/5/12,E,8,4,0,0,25,0,0,0,0,0,0,0,0,0,0,0,0,0,0,0,0,0,0,0,0,0,0,0,0,0,0,0
WI,8/5/12,E,8,2,1,0,49,2,0,0,0,0,0,0,0,0,0,0,0,8,0,0,1,0,1,0,0,0,0,0,0,0,0,0
WI,8/5/12,E,8,1,5,0,71,5,12,0,0,0,1,0,0,16,0,18,0,490,0,0,0,5,0,0,1,0,0,0,0,4,0,0
WI,8/5/12,E,9,8,4,0,13,0,0,0,0,0,0,0,0,0,0,0,0,0,0,0,0,0,0,0,0,0,0,0,0,0,0,0
WI,8/5/12,E,9,4,0,0,20,0,0,0,0,0,0,0,0,0,0,0,0,0,0,0,0,0,0,0,0,2,0,0,0,0,0,0
WI,8/5/12,E,9,2,1,2,31,3,0,0,0,0,0,0,0,1,0,0,0,17,0,0,1,0,0,0,0,1,0,0,0,0,0,0
WI,8/5/12,E,9,1,6,15,67,1,6,0,0,0,3,0,0,30,0,1,0,390,0,0,0,59,0,0,0,0,0,0,0,10,0,0
WI,8/5/12,E,10,8,0,0,2,0,0,0,0,0,0,0,0,0,0,0,0,0,0,0,0,0,0,0,0,1,0,0,0,0,0,0
WI,8/5/12,E,10,4,1,0,9,0,1,0,0,0,0,0,0,0,0,0,0,0,0,0,0,0,0,0,0,0,0,0,0,0,0,0
WI,8/5/12,E,10,2,3,0,7,0,0,0,1,0,0,0,0,0,1,0,0,1,0,0,0,0,1,0,0,0,0,0,0,0,0,0
WI,8/5/12,E,10,1,8,2,72,3,10,0,0,0,10,1,0,30,0,0,0,214,0,0,0,38,0,0,0,0,1,0,0,13,0,0
WI,8/5/12,E,11,8,2,0,2,0,0,0,0,0,0,0,0,0,0,0,0,0,0,0,0,0,0,0,0,0,0,0,0,0,0,0
WI,8/5/12,E,11,4,0,0,7,0,0,0,0,0,0,0,0,0,0,0,0,0,0,0,0,0,0,0,0,0,0,0,0,0,0,0
WI,8/5/12,E,11,2,1,0,9,0,0,0,0,0,0,0,0,0,0,0,0,0,0,0,1,0,0,0,0,3,0,0,0,0,0,0
WI,8/5/12,E,11,1,1,0,8,0,0,0,0,0,0,0,0,8,0,0,0,41,0,0,0,18,0,0,0,0,0,0,0,2,0,0
WI,8/5/12,E,12,8,2,0,16,0,0,0,0,0,0,0,0,0,0,0,0,0,0,0,0,0,0,0,0,0,0,0,0,0,0,0
WI,8/5/12,E,12,4,7,0,25,0,0,0,0,0,0,0,0,3,0,0,0,0,0,0,0,0,0,0,0,1,0,0,0,0,0,0
WI,8/5/12,E,12,2,11,0,35,0,0,0,0,0,0,0,0,1,1,0,0,7,0,0,0,2,0,0,0,0,0,0,0,0,0,0
WI,8/5/12,E,12,1,6,1,80,2,4,0,0,0,0,2,0,21,0,0,0,199,0,0,1,20,1,0,0,0,0,0,0,0,0,0
WI,8/5/12,E,13,8,0,0,4,0,0,0,0,0,0,0,0,1,0,0,0,0,0,0,0,0,0,0,0,0,0,0,1,0,0,0
WI,8/5/12,E,13,4,1,0,6,1,0,0,0,0,0,0,0,3,0,0,0,0,0,0,0,0,0,0,0,1,0,0,0,0,0,0
WI,8/5/12,E,13,2,0,0,13,2,0,0,0,0,0,0,0,0,0,0,0,7,0,0,0,0,0,0,0,0,0,0,0,0,0,0
WI,8/5/12,E,13,1,1,1,53,8,2,0,0,0,0,0,0,33,0,3,0,246,0,0,0,27,0,0,0,0,0,0,0,6,0,0
WI,8/5/12,E,14,8,2,0,9,0,0,0,0,0,0,0,0,1,0,0,0,0,0,0,0,0,0,0,0,0,0,0,0,0,0,0
WI,8/5/12,E,14,4,0,0,17,0,0,0,0,0,0,0,0,1,0,0,0,0,0,0,0,0,0,0,0,2,0,0,0,0,0,0
WI,8/5/12,E,14,2,0,3,36,2,0,0,0,0,0,0,0,0,0,0,0,23,0,0,0,0,0,0,0,4,0,0,0,0,0,0
WI,8/5/12,E,14,1,3,10,90,7,6,0,0,0,4,0,0,62,0,5,0,739,0,0,0,129,0,0,0,0,0,0,0,5,0,0
WI,8/5/12,E,15,8,2,0,15,0,0,0,0,0,0,0,0,0,0,0,0,0,0,0,0,0,0,0,0,0,0,0,0,0,0,0
WI,8/5/12,E,15,4,4,0,24,0,1,1,0,0,0,0,0,1,0,0,0,2,0,0,0,0,0,0,0,4,0,0,0,0,0,0
WI,8/5/12,E,15,2,2,0,60,0,0,0,0,0,0,0,0,0,1,0,0,46,0,0,4,0,0,0,0,2,0,0,0,0,0,0
WI,8/5/12,E,15,1,7,9,82,14,13,0,0,0,1,0,1,67,1,0,0,1477,0,0,0,77,0,0,0,0,1,0,0,32,0,0
WI,8/5/12,E,16,8,0,0,2,0,0,0,0,0,0,0,0,0,0,0,0,0,0,0,0,0,0,0,0,0,0,0,0,0,0,0
WI,8/5/12,E,16,4,0,0,7,0,0,0,0,0,0,0,0,0,0,0,0,0,0,0,1,0,0,0,0,2,0,0,1,0,0,0
WI,8/5/12,E,16,2,2,3,21,1,1,0,0,1,0,0,0,0,0,0,1,12,0,0,0,0,0,0,0,0,0,0,0,0,0,0
WI,8/5/12,E,16,1,2,18,40,2,5,0,0,0,2,0,0,28,0,3,0,338,0,0,0,32,0,0,0,0,0,0,0,5,0,0
NB,8/9/12,E,1,8,2,0,0,0,0,0,0,0,0,0,0,0,0,0,0,0,0,0,0,0,0,0,0,0,0,0,0,0,0,0
NB,8/9/12,E,1,4,0,0,0,0,0,0,0,0,0,0,0,0,0,0,0,0,0,0,0,0,0,0,0,0,0,0,0,0,0,0
NB,8/9/12,E,1,2,0,0,0,0,0,0,0,0,0,0,0,0,0,0,0,0,0,0,0,0,0,0,0,0,0,0,0,0,0,0
NB,8/9/12,E,1,1,4,0,1,0,2,0,0,0,0,0,0,0,0,0,0,25,0,0,0,0,0,0,0,0,0,0,0,0,0,0
NB,8/9/12,E,2,8,3,0,0,0,0,0,0,0,0,0,0,0,0,0,0,0,0,0,0,0,0,0,0,0,0,0,0,0,0,0
NB,8/9/12,E,2,4,4,0,0,0,0,0,0,0,0,0,0,0,0,0,0,2,0,0,0,0,0,0,0,0,0,0,0,0,0,0
NB,8/9/12,E,2,2,1,0,3,0,0,0,0,0,0,0,0,0,0,0,0,6,0,0,0,0,0,0,0,1,0,0,0,0,0,0
NB,8/9/12,E,2,1,4,0,1,0,13,0,0,0,1,0,0,5,0,0,0,64,0,0,1,0,0,0,0,0,0,0,0,0,0,10
NB,8/9/12,E,3,8,0,0,0,0,0,0,0,0,0,0,0,0,0,0,0,0,0,0,0,0,0,0,0,0,0,0,0,0,0,0
NB,8/9/12,E,3,4,2,0,0,0,0,0,0,0,0,0,0,0,0,0,0,0,0,0,0,0,0,0,0,0,0,0,0,0,0,0
NB,8/9/12,E,3,2,3,0,2,0,1,0,0,0,0,0,0,0,0,0,0,2,0,0,0,0,0,0,0,0,0,0,0,0,0,0
NB,8/9/12,E,3,1,4,0,6,0,3,0,0,0,1,0,3,1,0,0,0,39,0,0,0,0,0,0,0,0,0,0,0,0,0,9
NB,8/9/12,E,4,8,1,0,0,0,0,0,0,0,0,0,0,0,0,0,0,0,0,0,0,0,0,0,0,0,0,0,0,0,0,0
NB,8/9/12,E,4,4,0,0,0,0,0,0,0,0,0,0,0,0,0,0,0,0,0,0,0,0,0,0,0,0,0,0,0,0,0,0
NB,8/9/12,E,4,2,0,0,0,0,1,0,0,0,0,0,0,0,0,0,0,6,0,0,0,0,0,0,0,0,0,0,0,0,0,0
NB,8/9/12,E,4,1,1,0,4,0,3,0,0,0,0,0,0,1,1,0,0,14,0,0,0,0,0,0,0,0,0,0,0,0,0,10
NB,8/9/12,E,5,8,0,0,0,0,0,0,0,0,0,0,0,0,0,0,0,0,0,0,0,0,0,0,0,0,0,0,0,0,0,0
NB,8/9/12,E,5,4,0,0,0,0,0,0,0,0,0,0,0,0,0,0,0,0,0,0,0,0,0,0,0,0,0,0,0,0,0,0
NB,8/9/12,E,5,2,0,0,0,0,0,0,0,0,0,0,0,0,0,0,0,0,0,0,0,0,0,0,0,0,0,0,0,0,0,0
NB,8/9/12,E,5,1,0,0,1,3,0,0,0,0,0,0,0,1,1,0,0,12,0,0,0,0,0,0,0,0,0,0,0,0,0,0
NB,8/9/12,E,6,8,0,0,0,0,0,0,0,0,0,0,0,0,0,0,0,0,0,0,0,0,0,0,0,0,0,0,0,0,0,0
NB,8/9/12,E,6,4,3,0,0,0,0,0,0,0,0,0,0,0,0,0,0,0,0,0,0,0,0,0,0,0,0,0,0,0,0,0
NB,8/9/12,E,6,2,2,0,0,0,0,0,0,0,0,0,0,0,0,0,0,0,0,0,0,0,0,0,0,0,0,0,0,0,0,0
NB,8/9/12,E,6,1,7,0,6,0,6,0,0,0,1,0,0,2,0,0,0,48,0,0,0,0,0,0,0,0,0,0,0,0,0,6
NB,8/9/12,E,7,8,0,0,0,0,0,0,0,0,0,0,0,0,0,0,0,0,0,0,0,0,0,0,0,0,0,0,0,0,0,0
NB,8/9/12,E,7,4,1,0,1,0,0,0,0,0,0,0,0,1,0,0,0,0,0,0,0,0,0,0,0,0,0,0,0,0,0,0
NB,8/9/12,E,7,2,2,0,2,0,0,0,0,0,0,0,0,1,0,0,0,5,0,0,0,0,0,0,0,0,0,0,0,0,0,0
NB,8/9/12,E,7,1,1,0,6,0,2,0,0,0,0,2,0,7,0,0,0,23,0,0,0,0,0,0,0,0,0,0,0,0,0,14
NB,8/9/12,E,8,8,0,0,0,0,0,0,0,0,0,0,0,0,0,0,0,0,0,0,0,0,0,0,0,0,0,0,0,0,0,0
NB,8/9/12,E,8,4,0,0,0,0,0,0,0,0,0,0,0,0,0,0,0,0,0,0,0,0,0,0,0,0,0,0,0,0,0,0
NB,8/9/12,E,8,2,2,0,1,2,0,0,0,0,0,0,0,0,0,0,0,5,0,0,0,0,0,0,0,0,0,0,0,0,0,0
NB,8/9/12,E,8,1,3,0,2,0,4,0,1,0,1,0,1,3,0,0,0,90,0,0,0,0,0,0,2,0,0,0,0,0,0,8
NB,8/9/12,E,9,8,0,0,0,0,0,0,0,0,0,0,0,0,0,0,0,0,0,0,0,0,0,0,0,0,0,0,0,0,0,0
NB,8/9/12,E,9,4,2,0,0,0,0,0,0,0,0,0,0,0,0,0,0,0,0,0,0,0,0,0,0,0,0,0,0,0,0,0
NB,8/9/12,E,9,2,1,0,0,0,0,0,0,0,0,0,0,0,0,0,0,0,0,0,0,0,0,0,0,1,0,0,0,0,0,0
NB,8/9/12,E,9,1,4,0,1,0,9,0,0,0,1,0,0,2,0,0,0,11,0,0,0,0,0,0,0,0,0,0,0,0,0,4
NB,8/9/12,E,10,8,3,0,0,0,0,0,0,0,0,0,0,0,0,0,0,0,0,0,0,0,0,0,0,0,0,0,0,0,0,0
NB,8/9/12,E,10,4,2,0,0,0,0,0,0,0,0,0,0,0,0,0,0,0,0,0,0,0,0,0,0,0,0,0,0,0,0,0
NB,8/9/12,E,10,2,1,0,0,0,0,0,0,0,0,0,0,0,0,0,0,4,0,0,0,0,0,0,0,0,0,0,0,0,0,0
NB,8/9/12,E,10,1,6,0,0,0,13,0,0,0,3,0,0,2,0,0,0,87,0,0,0,0,0,0,2,0,0,0,0,0,0,7
NB,8/9/12,E,11,8,2,0,0,0,0,0,0,0,0,0,0,0,0,0,0,0,0,0,0,0,0,0,0,0,0,0,0,0,0,0
NB,8/9/12,E,11,4,3,0,0,0,0,0,0,0,0,0,0,0,0,0,0,0,0,0,0,0,0,0,0,0,0,0,0,0,0,0
NB,8/9/12,E,11,2,2,0,0,0,0,0,0,0,0,0,0,0,1,0,0,1,0,0,0,0,0,0,0,1,0,0,0,0,0,0
NB,8/9/12,E,11,1,4,0,2,0,3,0,1,0,1,0,0,1,0,0,0,15,0,0,0,0,0,0,0,0,0,0,0,0,0,12
NB,8/9/12,E,12,8,1,0,0,0,0,0,0,0,0,0,0,0,0,0,0,0,0,0,0,0,0,0,0,0,0,0,0,0,0,0
NB,8/9/12,E,12,4,2,0,0,0,0,0,0,0,0,0,0,0,0,0,0,0,0,0,0,0,0,0,0,0,0,0,0,0,0,0
NB,8/9/12,E,12,2,4,0,1,0,0,0,0,0,0,0,0,0,0,0,0,2,0,0,0,0,0,0,0,0,0,0,0,0,0,0
NB,8/9/12,E,12,1,10,0,4,0,2,0,0,0,3,0,0,5,0,0,0,45,0,0,0,0,0,3,0,0,0,0,16,0,0,196
NB,8/9/12,E,13,8,4,0,0,0,0,0,0,0,0,0,0,0,0,0,0,0,0,0,0,0,0,0,0,0,0,0,0,0,0,0
NB,8/9/12,E,13,4,2,0,0,0,0,0,0,0,0,0,0,0,0,0,0,0,0,0,0,0,0,0,0,0,0,0,0,0,0,0
NB,8/9/12,E,13,2,1,0,3,0,0,0,0,0,0,0,0,0,0,0,0,5,0,0,0,0,0,0,0,0,0,0,0,0,0,0
NB,8/9/12,E,13,1,4,0,7,1,4,0,0,0,0,0,0,3,0,0,0,50,0,0,0,0,0,0,0,0,0,0,0,0,0,10
NB,8/9/12,E,14,8,0,0,0,0,0,0,0,0,0,0,0,0,0,0,0,0,0,0,0,0,0,0,0,0,0,0,0,0,0,0
NB,8/9/12,E,14,4,0,0,0,0,0,0,0,0,0,0,0,0,0,0,0,0,0,0,0,0,0,0,0,1,0,0,0,0,0,0
NB,8/9/12,E,14,2,2,0,1,1,0,0,0,0,0,0,0,0,0,0,0,14,0,0,0,0,0,0,0,1,0,0,0,0,0,0
NB,8/9/12,E,14,1,2,0,2,1,5,0,0,0,0,0,0,2,1,0,0,133,0,0,0,0,0,0,0,0,0,0,0,0,0,5
NB,8/9/12,E,15,8,0,0,0,0,0,0,0,0,0,0,0,0,0,0,0,0,0,0,0,0,0,0,0,0,0,0,0,0,0,0
NB,8/9/12,E,15,4,0,0,0,0,0,0,0,0,0,0,0,0,0,0,0,3,0,0,0,0,0,0,0,0,0,0,0,0,0,0
NB,8/9/12,E,15,2,1,0,0,0,0,0,0,0,0,0,0,0,0,0,0,2,0,0,0,0,0,0,0,0,0,0,0,0,0,0
NB,8/9/12,E,15,1,1,0,1,0,4,0,0,0,1,0,0,0,0,0,0,18,0,0,0,0,0,0,0,0,0,0,0,0,0,5
NB,8/9/12,E,16,8,3,0,0,0,0,0,0,0,0,0,0,0,0,0,0,0,0,0,0,0,0,0,0,0,0,0,0,0,0,0
NB,8/9/12,E,16,4,2,0,0,0,0,0,0,0,0,0,0,2,0,0,0,1,0,0,0,0,0,0,0,2,0,0,0,0,0,0
NB,8/9/12,E,16,2,2,0,0,2,0,0,0,0,0,0,0,0,0,0,0,10,0,0,0,0,0,0,0,0,0,0,0,0,0,0
NB,8/9/12,E,16,1,3,0,0,2,10,0,0,0,1,0,0,3,0,0,0,81,0,0,0,0,0,0,0,0,0,0,0,0,0,6
RP,8/7/12,E,1,8,1,0,9,0,0,0,0,0,0,0,0,0,0,0,0,1,0,0,0,0,0,0,0,0,0,0,0,0,0,0
RP,8/7/12,E,1,4,1,1,47,0,0,0,0,0,0,0,0,0,0,0,0,4,0,0,0,0,0,0,0,0,0,0,0,0,0,1
RP,8/7/12,E,1,2,0,0,51,0,1,0,0,0,0,0,0,3,1,0,0,10,0,0,0,0,0,0,0,0,0,0,0,0,0,0
RP,8/7/12,E,1,1,1,267,239,11,5,0,0,0,0,0,1,105,0,0,0,149,0,0,0,0,0,0,0,0,0,0,0,0,0,0
RP,8/7/12,E,2,8,0,0,0,0,0,0,0,0,0,0,0,0,0,0,0,0,0,0,0,0,0,0,0,0,0,0,0,0,0,0
RP,8/7/12,E,2,4,0,1,24,0,0,0,0,0,0,0,0,0,0,0,0,0,0,0,0,0,0,0,0,0,0,1,0,0,0,0
RP,8/7/12,E,2,2,0,0,40,0,0,0,0,0,0,0,0,1,1,0,0,6,0,0,0,0,0,0,1,0,0,0,0,0,0,0
RP,8/7/12,E,2,1,3,384,252,23,0,0,0,0,0,0,1,50,0,0,0,60,0,0,0,3,0,0,0,0,0,0,0,0,0,0
RP,8/7/12,E,3,8,0,0,0,0,0,0,0,0,0,0,0,0,0,0,0,0,0,0,0,0,0,0,0,0,0,0,0,0,0,0
RP,8/7/12,E,3,4,0,1,5,0,0,0,0,0,0,0,0,0,0,0,0,0,0,0,0,0,0,0,0,0,0,0,0,0,0,2
RP,8/7/12,E,3,2,0,11,12,0,0,0,0,0,0,0,0,4,0,0,0,1,0,0,0,1,0,0,0,0,1,0,0,0,0,0
RP,8/7/12,E,3,1,0,526,144,10,2,0,0,0,0,0,4,18,0,0,0,31,0,0,0,2,0,0,0,0,0,0,1,0,0,12
RP,8/7/12,E,4,8,0,0,0,0,0,0,0,0,0,0,0,0,0,0,0,0,0,0,0,0,0,0,0,0,0,0,0,0,0,0
RP,8/7/12,E,4,4,0,0,52,0,0,0,0,0,0,0,0,4,0,1,0,3,0,0,0,0,0,0,0,0,0,0,0,0,0,0
RP,8/7/12,E,4,2,0,0,20,0,1,0,0,0,0,0,0,0,0,0,0,7,0,0,0,2,0,0,0,0,0,0,0,0,0,0
RP,8/7/12,E,4,1,1,255,239,10,0,0,0,0,1,0,0,71,1,0,0,168,0,0,1,5,0,0,0,0,0,2,0,0,0,0
RP,8/7/12,E,5,8,0,0,0,0,0,0,0,0,0,0,0,0,0,0,0,0,0,0,0,0,0,0,0,0,0,0,0,0,0,0
RP,8/7/12,E,5,4,0,0,16,0,0,0,0,0,0,0,0,5,0,0,0,2,0,0,0,0,0,0,0,0,0,0,0,0,0,0
RP,8/7/12,E,5,2,0,0,15,0,0,0,0,0,0,0,0,1,0,0,0,5,0,0,0,1,0,0,0,0,0,0,0,0,0,0
RP,8/7/12,E,5,1,0,245,101,5,1,0,0,0,0,0,1,59,0,0,0,84,0,0,0,13,0,0,0,1,0,0,0,0,0,0
RP,8/7/12,E,6,8,0,0,0,0,0,0,0,0,0,0,0,0,0,0,0,0,0,0,0,0,0,0,0,0,0,0,0,0,0,0
RP,8/7/12,E,6,4,0,0,6,0,0,0,0,0,0,0,0,0,0,0,0,0,0,0,0,0,0,0,0,0,0,0,0,0,0,1
RP,8/7/12,E,6,2,0,9,9,0,0,0,0,0,0,0,0,2,0,0,0,0,0,0,0,0,0,0,0,0,0,0,0,0,0,0
RP,8/7/12,E,6,1,0,308,89,1,0,0,0,0,0,0,0,11,0,0,0,26,0,0,0,0,0,0,0,0,0,0,1,0,0,9
RP,8/7/12,E,7,8,0,0,0,0,0,0,0,0,0,0,0,0,0,0,0,0,0,0,0,0,0,0,0,0,0,0,0,0,0,0
RP,8/7/12,E,7,4,0,0,5,0,0,0,0,0,0,0,0,0,0,0,0,0,0,0,0,0,0,0,0,0,0,0,0,0,0,0
RP,8/7/12,E,7,2,0,7,11,0,0,0,0,0,0,0,0,0,1,0,0,0,0,0,0,1,0,0,0,0,0,0,0,0,0,0
RP,8/7/12,E,7,1,0,222,106,15,3,0,0,0,0,0,1,7,0,0,0,57,0,0,0,5,0,0,0,0,0,0,0,0,0,0
RP,8/7/12,E,8,8,0,0,0,0,0,0,0,0,0,0,0,0,0,0,0,0,0,0,0,0,0,0,0,0,0,0,0,0,0,0
RP,8/7/12,E,8,4,0,1,20,0,0,0,0,0,0,0,0,0,0,0,0,0,0,0,0,0,0,0,0,0,0,0,0,0,0,0
RP,8/7/12,E,8,2,0,0,20,0,1,0,0,0,0,0,0,0,1,0,0,5,0,0,0,1,0,0,0,0,1,0,0,0,0,0
RP,8/7/12,E,8,1,1,966,247,11,0,0,0,0,0,0,0,46,0,0,0,139,0,0,1,21,0,0,0,0,0,1,0,0,0,0
RP,8/7/12,E,9,8,1,0,1,0,0,0,0,0,0,0,0,0,0,0,0,3,0,0,0,0,0,0,0,0,0,0,0,0,0,3
RP,8/7/12,E,9,4,0,0,15,0,0,0,0,0,0,0,0,0,0,0,0,0,0,0,0,0,0,0,0,0,0,0,0,0,0,1
RP,8/7/12,E,9,2,1,1,74,0,2,0,0,0,0,0,0,13,0,0,0,43,0,0,0,2,0,0,0,0,0,0,0,0,0,0
RP,8/7/12,E,9,1,0,970,754,12,0,0,0,0,0,0,0,133,0,0,0,237,0,0,0,19,0,0,0,0,0,0,0,0,0,8
RP,8/7/12,E,10,8,0,0,0,0,0,0,0,0,0,0,0,0,0,0,0,0,0,0,0,0,0,0,0,0,0,0,0,0,0,0
RP,8/7/12,E,10,4,0,0,4,0,0,0,0,0,0,0,0,0,0,0,0,0,0,0,0,0,0,0,0,0,0,0,0,0,0,2
RP,8/7/12,E,10,2,0,12,12,0,0,0,0,0,0,0,0,0,0,0,0,1,0,0,0,3,0,0,0,0,0,0,0,0,0,0
RP,8/7/12,E,10,1,0,311,116,7,1,0,0,0,0,0,1,24,0,0,0,77,0,0,1,18,0,0,0,0,3,0,0,0,0,0
RP,8/7/12,E,11,8,0,0,0,0,0,0,0,0,0,0,0,0,0,0,0,0,0,0,0,0,0,0,0,0,0,0,0,0,0,0
RP,8/7/12,E,11,4,0,0,13,0,0,0,0,0,0,0,0,0,1,0,0,0,0,0,0,0,0,0,0,0,0,0,0,0,0,0
RP,8/7/12,E,11,2,0,8,19,0,0,0,0,0,0,0,0,1,0,0,0,3,0,0,0,1,0,0,0,0,1,0,0,0,0,0
RP,8/7/12,E,11,1,4,616,144,26,1,0,0,0,0,0,5,33,1,0,0,33,0,0,0,4,0,0,0,0,0,0,0,0,0,0
RP,8/7/12,E,12,8,0,0,0,0,0,0,0,0,0,0,0,0,0,0,0,0,0,0,0,0,0,0,0,0,0,0,0,0,0,0
RP,8/7/12,E,12,4,0,0,10,0,0,0,0,0,0,0,0,0,0,0,0,1,0,0,0,0,0,0,0,0,0,0,0,0,0,2
RP,8/7/12,E,12,2,0,17,22,0,0,0,0,0,0,0,0,2,0,0,0,4,0,0,0,2,0,0,0,0,0,0,0,0,0,0
RP,8/7/12,E,12,1,0,315,158,7,6,0,0,0,0,0,10,18,0,0,0,56,0,0,1,7,0,0,0,0,0,0,0,0,0,12
RP,8/7/12,E,13,2,0,0,0,0,0,0,0,0,0,0,0,0,0,0,0,0,0,0,0,0,0,0,0,0,0,0,0,0,0,0
RP,8/7/12,E,13,1,0,1,31,0,0,0,0,0,0,0,0,0,0,0,0,0,0,0,0,0,0,0,0,0,0,0,0,0,0,2
RP,8/7/12,E,13,8,0,5,19,0,0,0,0,0,0,0,0,0,0,0,0,0,0,0,0,2,0,0,0,0,0,0,0,0,0,0
RP,8/7/12,E,13,4,0,141,155,12,4,0,0,0,0,0,7,10,0,1,0,33,0,0,2,7,0,0,0,0,0,0,0,0,0,13
RP,8/7/12,E,14,2,0,1,0,0,0,0,0,0,0,0,0,0,0,0,0,0,0,0,0,0,0,0,0,0,0,0,0,0,0,0
RP,8/7/12,E,14,1,0,0,1,0,0,0,0,0,0,0,0,0,0,0,1,0,0,0,0,0,0,0,0,0,0,0,0,0,0,0
RP,8/7/12,E,14,8,1,7,15,0,0,0,0,0,0,0,0,0,0,0,0,0,0,0,0,3,0,0,0,0,0,0,0,0,0,0
RP,8/7/12,E,14,4,0,497,188,7,3,0,0,0,0,0,0,18,0,1,0,28,0,0,1,4,0,0,0,0,0,0,3,0,0,12
RP,8/7/12,E,15,8,1,0,15,0,0,0,0,0,0,0,0,0,0,0,0,0,0,0,0,0,0,0,0,0,0,0,0,0,0,2
RP,8/7/12,E,15,4,0,0,12,0,0,0,0,0,0,0,0,0,0,0,0,0,0,0,0,0,0,0,0,0,0,0,0,0,0,1
RP,8/7/12,E,15,2,1,16,19,0,0,0,0,0,0,0,0,0,0,0,0,1,0,0,0,0,0,0,0,0,0,0,0,0,0,0
RP,8/7/12,E,15,1,1,325,168,7,0,0,0,0,0,0,2,10,0,0,0,15,0,0,0,5,0,0,0,0,0,0,0,0,0,11
RP,8/7/12,E,16,8,1,0,1,0,0,0,0,0,0,0,0,0,0,0,0,0,0,0,0,0,0,0,0,0,0,0,0,0,0,2
RP,8/7/12,E,16,4,0,0,33,0,0,0,0,0,0,0,0,0,0,0,0,1,0,0,0,1,0,0,0,0,0,0,0,0,0,3
RP,8/7/12,E,16,2,1,8,61,1,0,0,0,0,0,0,0,0,0,0,0,5,0,0,0,24,0,0,0,0,0,0,0,0,0,0
RP,8/7/12,E,16,1,1,226,507,30,0,0,0,0,0,0,0,25,0,0,0,101,0,0,2,39,0,0,0,0,0,0,0,0,0,11
CB,8/11/12,E,1,8,0,0,0,0,0,0,0,0,0,0,0,0,0,0,0,0,0,0,0,0,0,0,0,0,0,0,0,0,0,0
CB,8/11/12,E,1,4,0,0,0,0,0,0,0,0,0,0,0,0,0,0,0,0,0,0,0,0,0,0,0,0,0,0,0,0,0,0
CB,8/11/12,E,1,2,0,0,1,0,2,0,0,0,0,0,1,1,0,0,0,1,0,0,0,0,0,0,0,0,0,0,0,0,0,0
CB,8/11/12,E,1,1,0,0,2,0,1,0,0,0,0,0,50,14,0,13,0,35,0,0,0,0,0,0,2,0,0,0,0,0,0,0
CB,8/11/12,E,3,8,0,0,0,0,0,0,0,0,0,0,0,0,0,0,0,0,0,0,0,0,0,0,0,0,0,0,0,0,0,0
CB,8/11/12,E,3,4,0,0,0,0,0,0,0,0,0,0,0,0,1,0,0,0,0,0,0,0,0,0,0,0,0,0,0,0,0,1
CB,8/11/12,E,3,2,1,0,0,0,0,0,0,0,0,1,0,0,0,0,0,2,0,0,0,0,0,0,0,0,1,0,0,0,0,0
CB,8/11/12,E,3,1,0,0,3,0,2,0,0,0,1,0,16,2,0,5,0,19,0,0,1,0,0,1,0,0,0,0,0,0,0,10
CB,8/11/12,E,4,8,2,0,0,0,0,0,0,0,0,0,0,0,0,1,0,0,0,0,0,0,0,1,0,0,0,0,0,0,0,0
CB,8/11/12,E,4,4,0,0,0,0,0,0,0,0,0,0,0,0,0,0,0,2,0,0,0,0,0,0,0,0,0,0,0,0,0,0
CB,8/11/12,E,4,2,2,0,3,0,0,0,0,0,1,0,1,4,2,0,0,10,0,0,0,0,0,0,0,0,0,0,0,0,0,0
CB,8/11/12,E,4,1,0,0,8,4,3,0,4,0,42,2,120,26,0,9,0,117,0,0,4,0,0,0,0,0,0,0,0,0,0,1
CB,8/11/12,E,5,8,0,0,0,0,0,0,0,0,0,0,0,0,0,0,0,0,0,0,0,0,0,0,0,0,0,0,0,0,0,0
CB,8/11/12,E,5,4,1,0,0,0,0,0,0,0,0,0,0,0,0,0,0,0,0,0,0,0,0,0,0,0,0,0,0,0,0,0
CB,8/11/12,E,5,2,3,0,0,0,0,0,0,0,0,0,0,1,0,0,0,2,0,0,0,0,0,0,0,0,0,0,0,0,0,1
CB,8/11/12,E,5,1,0,0,1,0,11,0,0,0,1,0,18,0,0,0,0,58,0,0,0,0,0,0,0,0,0,0,0,0,0,6
CB,8/11/12,E,6,8,3,0,0,0,0,0,0,0,1,0,0,0,0,1,0,0,0,0,0,0,0,5,0,0,0,0,1,0,0,1
CB,8/11/12,E,6,4,2,0,0,0,0,0,0,0,0,0,0,0,0,0,0,0,0,0,0,0,0,2,0,0,0,0,0,0,0,0
CB,8/11/12,E,6,2,1,0,5,0,2,0,0,0,0,0,0,1,0,2,0,2,0,0,0,0,0,0,0,0,0,0,0,0,0,0
CB,8/11/12,E,6,1,5,0,16,1,12,0,0,0,6,0,27,14,0,31,0,38,0,0,1,0,0,2,0,0,0,0,0,0,0,0
CB,8/11/12,E,7,8,0,0,0,0,0,0,0,0,0,0,0,0,0,0,0,0,0,0,0,0,0,0,0,0,0,0,0,0,0,0
CB,8/11/12,E,7,4,1,0,0,0,0,0,0,0,0,0,0,0,0,1,0,0,0,0,0,0,0,1,0,0,0,0,0,0,0,0
CB,8/11/12,E,7,2,0,0,0,0,1,0,0,0,0,0,0,0,0,0,0,0,0,0,0,0,0,0,0,0,0,0,0,0,0,0
CB,8/11/12,E,7,1,0,0,8,0,2,0,0,0,0,0,3,0,0,6,0,10,0,0,0,0,0,0,1,0,0,0,0,0,0,0
CB,8/11/12,E,8,8,0,0,0,0,0,0,0,0,0,0,0,0,0,0,0,0,0,0,0,0,0,0,0,0,0,0,0,0,0,0
CB,8/11/12,E,8,4,0,0,0,1,0,0,0,0,0,0,0,0,0,0,0,0,0,0,0,0,0,0,0,0,0,0,0,0,0,0
CB,8/11/12,E,8,2,1,0,0,0,1,0,0,0,0,0,0,1,0,1,0,2,0,0,0,0,0,0,0,0,0,0,1,0,0,0
CB,8/11/12,E,8,1,2,0,0,0,5,0,0,0,2,0,3,4,0,10,0,27,0,0,1,0,0,0,0,0,0,0,0,0,0,0
CB,8/11/12,E,9,8,1,0,0,1,0,0,0,0,0,0,4,0,0,0,0,4,0,0,0,0,0,0,0,0,0,0,0,0,0,0
CB,8/11/12,E,9,4,2,0,0,0,0,0,0,0,0,0,1,0,0,0,0,2,0,0,0,0,0,0,0,0,0,1,0,0,0,0
CB,8/11/12,E,9,2,1,0,1,1,0,0,0,0,0,0,0,0,0,0,0,6,0,0,1,0,0,0,0,0,0,0,0,0,0,0
CB,8/11/12,E,9,1,0,0,1,0,4,0,0,0,6,0,24,2,0,0,0,87,1,0,1,0,0,0,0,0,0,0,1,0,0,0
CB,8/11/12,E,10,8,1,0,0,0,0,0,0,0,0,0,0,0,0,0,0,0,0,0,0,0,0,0,0,0,0,0,0,0,0,0
CB,8/11/12,E,10,4,1,0,0,0,0,0,0,0,0,0,0,0,0,0,0,2,0,0,0,0,0,0,0,0,0,0,0,0,0,0
CB,8/11/12,E,10,2,0,0,0,0,0,0,0,0,0,0,0,0,0,0,0,0,0,0,0,0,0,0,0,0,0,0,0,0,0,0
CB,8/11/12,E,10,1,2,0,0,0,5,0,0,0,1,0,7,0,0,0,0,20,0,0,0,0,0,0,0,0,0,0,0,0,0,0
CB,8/11/12,E,11,8,2,0,0,0,0,0,0,0,0,0,0,0,0,0,0,0,0,0,0,0,0,0,0,0,0,0,0,0,0,0
CB,8/11/12,E,11,4,2,0,0,0,0,0,0,0,0,0,0,0,0,0,0,0,0,0,0,0,0,1,0,0,0,0,0,0,0,6
CB,8/11/12,E,11,2,1,0,0,0,1,0,0,0,0,0,0,1,0,0,0,0,0,0,0,0,0,0,0,0,0,0,0,0,0,0
CB,8/11/12,E,11,1,1,0,0,0,0,0,0,0,0,0,3,1,0,1,0,26,0,0,0,0,0,1,0,0,0,0,0,0,0,34
CB,8/11/12,E,12,8,0,0,0,0,0,0,0,0,0,0,0,0,0,0,0,0,0,0,0,0,0,0,0,0,0,0,0,0,0,0
CB,8/11/12,E,12,4,1,0,0,0,0,0,0,0,0,0,0,0,0,0,0,0,0,0,0,0,0,0,0,0,0,0,0,0,0,0
CB,8/11/12,E,12,2,0,0,0,0,0,0,0,0,0,0,0,0,0,0,0,0,0,0,0,0,0,0,0,0,0,0,0,0,0,0
CB,8/11/12,E,12,1,2,0,1,0,4,0,0,0,0,0,1,0,0,1,0,2,0,0,0,0,0,0,0,0,0,0,0,0,0,0
CB,8/11/12,E,13,8,2,0,0,2,0,0,0,0,0,0,0,0,0,0,0,3,0,0,0,0,0,7,0,0,0,0,1,0,0,1
CB,8/11/12,E,13,4,3,0,0,0,0,0,0,0,0,0,0,0,0,0,0,0,0,0,0,0,0,0,0,0,0,0,0,0,0,0
CB,8/11/12,E,13,2,1,0,2,0,1,0,0,0,0,0,0,1,0,0,0,3,0,0,0,0,0,0,0,0,0,0,0,0,0,0
CB,8/11/12,E,13,1,1,0,1,0,7,0,0,0,1,0,33,5,0,3,0,86,0,0,0,0,0,0,0,0,0,0,2,0,0,122
CB,8/11/12,E,14,8,2,0,0,0,0,0,0,0,0,0,0,0,0,0,0,0,0,0,0,0,0,5,0,0,0,0,11,0,0,2
CB,8/11/12,E,14,4,0,0,0,1,0,0,0,0,0,0,0,0,0,0,0,0,0,0,0,0,0,0,0,0,0,0,0,0,0,0
CB,8/11/12,E,14,2,1,0,2,0,0,0,0,0,0,0,0,1,0,0,0,2,0,0,0,0,0,0,0,0,0,0,0,0,0,0
CB,8/11/12,E,14,1,2,0,18,1,1,0,0,0,0,0,6,3,0,23,0,12,0,0,0,0,0,0,2,0,0,0,0,0,0,0
CB,8/11/12,E,15,8,2,0,0,0,0,0,0,0,0,0,0,0,0,0,0,0,0,0,0,0,0,0,0,0,0,0,0,0,0,0
CB,8/11/12,E,15,4,1,0,0,0,0,0,0,0,0,0,0,0,0,0,0,2,0,0,0,0,0,0,0,0,0,0,0,0,0,0
CB,8/11/12,E,15,2,1,0,0,0,0,0,0,0,0,0,1,0,0,0,0,0,0,0,1,0,0,0,0,0,0,0,0,0,0,0
CB,8/11/12,E,15,1,0,0,2,0,4,0,0,0,1,0,4,0,0,2,0,36,0,0,0,0,0,0,0,0,0,0,0,0,0,16
CB,8/11/12,E,16,8,0,0,0,0,0,0,0,0,0,0,0,0,0,0,0,0,0,0,0,0,0,0,0,0,0,0,0,0,0,0
CB,8/11/12,E,16,4,3,0,0,0,0,0,0,0,0,0,0,0,0,0,0,0,0,0,0,0,0,0,0,0,0,0,0,0,0,0
CB,8/11/12,E,16,2,0,0,0,0,0,0,0,0,0,0,0,0,0,0,0,0,0,0,0,0,0,0,0,0,0,0,0,0,0,0
CB,8/11/12,E,16,1,0,0,0,0,6,0,0,0,0,0,7,0,0,1,0,21,0,0,0,0,0,0,0,0,0,0,0,0,0,54
EI,7/23/12,D,1,8,0,0,4,0,0,0,0,0,0,0,0,0,0,1,0,7,0,0,0,0,0,0,0,0,0,0,0,0,0,0
EI,7/23/12,D,1,4,0,0,0,0,0,0,0,0,0,0,0,0,0,0,0,0,0,0,0,0,0,0,0,0,0,0,0,0,0,0
EI,7/23/12,D,1,2,0,0,0,0,0,0,0,0,0,0,0,0,0,0,0,0,0,0,0,0,0,0,0,0,0,0,0,0,0,0
EI,7/23/12,D,1,1,0,22,51,1,1,0,0,0,0,0,0,23,0,91,0,7,0,0,0,0,0,0,0,0,0,0,0,0,0,0
EI,7/23/12,D,2,8,0,0,1,0,0,0,0,0,0,0,0,0,0,0,0,2,0,0,0,0,0,0,0,0,0,0,0,0,0,0
EI,7/23/12,D,2,4,0,0,0,0,0,0,0,0,0,0,0,0,0,0,0,0,0,0,0,0,0,0,0,0,0,0,0,0,0,0
EI,7/23/12,D,2,2,0,8,1,0,0,0,0,0,0,0,0,0,0,0,0,0,0,0,0,0,0,0,0,0,0,0,0,0,0,0
EI,7/23/12,D,2,1,0,116,32,2,0,0,0,0,0,0,0,11,0,15,0,21,0,0,0,0,0,0,0,0,0,0,0,0,0,0
EI,7/23/12,D,3,8,0,2,4,0,0,0,0,0,0,0,0,3,0,22,0,7,0,0,0,0,0,0,0,0,0,0,0,0,0,0
EI,7/23/12,D,3,4,0,0,0,0,0,0,0,0,0,0,0,0,0,0,0,0,0,0,0,0,0,0,0,0,0,0,0,0,0,0
EI,7/23/12,D,3,2,0,0,7,0,1,0,0,0,0,0,0,0,0,0,0,4,0,0,0,0,0,0,0,0,0,0,0,0,0,0
EI,7/23/12,D,3,1,1,73,63,1,2,2,1,0,0,0,0,64,1,236,0,42,0,0,0,0,0,0,0,0,0,0,0,0,0,0
EI,7/23/12,D,4,8,0,0,2,0,0,0,0,0,0,0,0,0,0,1,0,3,0,0,0,0,0,0,0,0,0,0,0,0,0,0
EI,7/23/12,D,4,4,0,0,9,0,0,0,0,0,0,0,0,1,0,8,0,4,0,0,0,0,0,0,0,0,0,0,0,0,0,0
EI,7/23/12,D,4,2,0,6,6,0,0,0,0,0,0,0,0,0,0,0,0,3,0,0,0,0,0,0,0,0,0,0,0,0,0,0
EI,7/23/12,D,4,1,0,64,56,1,4,0,1,0,0,0,0,83,0,113,0,117,0,0,0,0,0,2,0,0,0,0,0,0,0,0
EI,7/23/12,D,5,8,0,0,11,0,0,0,0,0,0,0,0,0,0,9,0,5,0,0,0,0,0,1,0,0,0,0,0,0,0,0
EI,7/23/12,D,5,4,0,0,0,0,2,0,0,0,0,0,0,0,0,1,0,1,0,0,0,0,0,0,0,0,0,0,0,0,0,0
EI,7/23/12,D,5,2,0,4,1,0,0,0,0,0,0,0,0,0,0,1,0,7,0,0,0,0,0,0,0,0,0,0,0,0,0,0
EI,7/23/12,D,5,1,0,138,71,5,2,0,0,0,0,0,0,76,1,185,0,36,0,0,0,0,0,0,0,0,0,0,0,0,0,0
EI,7/23/12,D,6,8,0,0,0,0,0,0,0,0,0,0,0,0,0,0,0,0,0,0,0,0,0,0,0,0,0,0,0,0,0,0
EI,7/23/12,D,6,4,0,0,7,0,0,0,0,0,0,0,0,1,0,6,0,28,0,0,0,0,0,0,0,0,0,0,0,0,0,0
EI,7/23/12,D,6,2,1,1,13,0,0,0,0,0,0,0,0,3,0,5,0,40,0,0,0,0,0,0,0,0,0,0,0,0,0,0
EI,7/23/12,D,6,1,0,58,101,8,0,0,0,0,0,0,0,70,0,207,0,205,0,0,1,0,0,1,0,1,0,0,0,0,0,0
EI,7/23/12,D,7,8,0,1,0,0,0,0,0,0,0,0,0,0,0,1,0,8,0,0,0,0,0,0,0,0,0,0,0,0,0,0
EI,7/23/12,D,7,4,0,0,0,0,0,0,0,0,0,0,0,0,0,0,0,0,0,0,0,0,0,0,0,0,0,0,0,0,0,0
EI,7/23/12,D,7,2,0,7,5,1,1,0,0,0,0,0,0,0,0,2,0,9,0,0,1,0,0,0,0,1,0,0,0,0,0,0
EI,7/23/12,D,7,1,0,232,108,20,4,0,0,0,0,0,0,200,0,380,0,204,0,0,0,0,0,12,0,0,0,0,0,0,0,0
EI,7/23/12,D,8,8,0,2,4,0,0,0,0,0,0,0,0,0,0,7,0,5,0,0,0,0,0,0,0,0,0,0,0,0,0,0
EI,7/23/12,D,8,4,0,0,0,0,0,0,0,0,0,0,0,0,0,0,0,0,0,0,0,0,0,0,0,0,0,0,0,0,0,0
EI,7/23/12,D,8,2,0,1,10,0,0,0,0,0,0,0,0,0,0,1,0,1,0,0,0,0,0,0,0,0,0,0,0,0,0,0
EI,7/23/12,D,8,1,0,136,42,9,1,0,0,0,0,0,0,54,0,164,0,19,0,0,0,0,0,0,0,0,0,0,0,0,0,0
EI,7/23/12,D,9,8,0,0,3,0,0,0,0,0,0,0,0,1,0,0,0,4,0,0,0,0,0,0,0,0,0,0,0,0,0,0
EI,7/23/12,D,9,4,0,0,0,0,0,0,0,0,0,0,0,0,0,0,0,0,0,0,0,0,0,0,0,0,0,0,0,0,0,0
EI,7/23/12,D,9,2,0,0,3,0,0,0,0,0,0,0,0,0,0,0,0,4,0,0,0,0,0,0,0,0,0,0,0,0,0,0
EI,7/23/12,D,9,1,0,58,52,3,0,0,0,0,0,0,0,58,0,175,0,26,0,0,0,0,0,0,0,0,0,0,0,0,0,0
EI,7/23/12,D,10,8,0,1,4,0,0,0,0,0,0,0,0,0,0,3,0,9,0,0,0,0,0,0,0,0,0,0,0,0,0,0
EI,7/23/12,D,10,4,0,0,1,0,0,0,0,0,0,0,0,0,0,1,0,1,0,0,0,0,0,0,0,0,0,0,0,0,0,0
EI,7/23/12,D,10,2,0,33,58,2,1,1,1,0,0,0,0,23,0,89,0,8,0,0,0,0,0,1,0,0,0,0,0,0,0,0
EI,7/23/12,D,10,1,0,228,168,8,8,0,0,0,0,0,0,128,1,152,0,300,0,0,0,0,0,1,0,0,0,0,0,0,0,0
EI,7/23/12,D,11,8,0,0,11,0,1,0,0,0,0,0,0,0,0,3,0,0,0,0,0,0,0,0,0,0,0,0,0,0,0,0
EI,7/23/12,D,11,4,0,0,0,0,0,0,0,0,0,0,0,0,0,0,0,0,0,0,0,0,0,0,0,0,0,0,0,0,0,0
EI,7/23/12,D,11,2,0,8,5,1,0,0,0,0,0,0,0,1,0,3,0,1,0,0,0,0,0,0,0,0,0,0,0,0,0,0
EI,7/23/12,D,11,1,0,157,52,4,3,1,0,0,0,0,0,58,1,111,0,81,0,0,0,0,0,0,0,0,0,0,2,0,0,1
EI,7/23/12,D,12,8,0,0,1,0,0,0,0,0,0,0,0,2,0,5,0,2,0,0,0,0,0,0,0,0,0,0,0,0,0,0
EI,7/23/12,D,12,4,0,0,0,0,0,0,0,0,0,0,0,0,0,0,0,0,0,0,0,0,0,0,0,0,0,0,0,0,0,0
EI,7/23/12,D,12,2,0,0,8,0,0,0,0,0,0,0,0,0,0,4,0,0,0,0,0,0,0,0,0,0,0,0,0,0,0,0
EI,7/23/12,D,12,1,0,20,57,0,0,1,0,1,0,0,0,11,0,70,0,5,0,0,0,0,0,0,0,0,0,0,0,0,0,0
EI,7/23/12,D,13,8,0,0,2,0,0,0,0,0,0,0,0,1,0,3,0,2,0,0,0,0,0,0,0,0,0,0,0,0,0,0
EI,7/23/12,D,13,4,0,0,0,0,0,0,0,0,0,0,0,0,0,0,0,0,0,0,0,0,0,0,0,0,0,0,0,0,0,0
EI,7/23/12,D,13,2,0,0,10,0,0,0,0,0,0,0,0,2,0,0,0,8,0,0,0,0,0,0,0,0,0,0,0,0,0,0
EI,7/23/12,D,13,1,0,11,44,3,7,1,0,0,0,0,0,59,0,64,0,85,0,0,0,0,0,4,0,0,0,0,0,0,0,0
EI,7/23/12,D,14,8,0,1,2,0,0,0,0,0,0,0,0,0,0,0,0,14,0,0,0,0,0,0,0,0,0,0,0,0,0,0
EI,7/23/12,D,14,4,0,0,0,0,0,0,0,0,0,0,0,0,0,0,0,0,0,0,0,0,0,0,0,0,0,0,0,0,0,0
EI,7/23/12,D,14,2,0,7,17,0,0,0,0,0,0,0,0,1,0,5,0,22,0,0,0,0,0,0,0,0,0,0,0,0,0,0
EI,7/23/12,D,14,1,0,252,112,0,4,0,0,0,0,0,0,96,0,284,0,316,0,0,0,0,0,0,0,0,0,0,0,0,0,0
EI,7/23/12,D,15,8,0,0,1,0,0,0,0,0,0,0,0,0,0,0,0,1,0,0,0,0,0,0,0,0,0,0,0,0,0,0
EI,7/23/12,D,15,4,0,0,0,0,0,0,0,0,0,0,0,0,0,0,0,0,0,0,0,0,0,0,0,0,0,0,0,0,0,0
EI,7/23/12,D,15,2,0,2,1,0,0,0,0,0,0,0,0,0,0,1,0,0,0,0,0,0,0,0,0,0,0,0,0,0,0,0
EI,7/23/12,D,15,1,1,86,26,5,2,0,0,0,0,0,0,17,0,65,0,3,0,0,0,0,0,0,0,0,0,0,0,0,0,0
EI,7/23/12,D,16,8,0,0,3,0,0,0,0,0,0,0,0,2,0,0,0,3,0,0,0,0,0,0,0,0,0,0,0,0,0,0
EI,7/23/12,D,16,4,0,0,0,0,0,0,0,0,0,0,0,0,0,0,0,0,0,0,0,0,0,0,0,0,0,0,0,0,0,0
EI,7/23/12,D,16,2,0,8,5,2,0,0,0,0,0,0,0,3,0,5,0,0,0,0,0,0,0,0,0,0,0,0,0,0,0,0
EI,7/23/12,D,16,1,0,46,56,3,0,0,0,0,0,0,0,67,0,46,0,22,0,0,0,0,0,0,0,0,0,0,0,0,0,0
CC,7/25/12,D,1,8,0,0,0,0,0,0,0,0,0,0,0,0,0,0,0,0,0,0,0,0,0,0,0,0,0,0,0,0,0,0
CC,7/25/12,D,1,4,0,0,0,0,0,0,0,0,0,0,0,0,0,0,0,0,0,0,0,0,0,0,0,0,0,0,0,0,0,0
CC,7/25/12,D,1,2,0,0,0,0,0,0,0,0,0,0,0,0,0,0,0,0,0,0,0,0,0,0,0,0,0,0,0,0,0,0
CC,7/25/12,D,1,1,2,0,1,0,0,0,0,1,1,0,1,0,0,1,0,67,0,0,0,0,0,5,0,0,0,0,0,0,0,1
CC,7/25/12,D,2,8,0,0,0,0,0,0,0,0,0,0,0,0,0,0,0,2,0,0,0,0,0,0,0,0,0,0,0,0,0,0
CC,7/25/12,D,2,4,0,0,0,0,0,0,0,0,0,0,0,0,0,0,0,0,0,0,0,0,0,0,0,0,0,0,0,0,0,0
CC,7/25/12,D,2,2,0,0,0,0,0,0,0,0,0,0,0,0,0,0,0,0,0,0,0,0,0,0,0,0,0,0,0,0,0,0
CC,7/25/12,D,2,1,0,0,2,0,0,0,0,7,0,0,0,0,0,3,0,28,0,0,0,0,0,1,0,0,0,0,0,0,0,0
CC,7/25/12,D,3,8,0,0,0,0,0,0,0,0,0,0,0,0,0,0,0,0,0,0,0,0,0,0,0,0,0,0,0,0,0,0
CC,7/25/12,D,3,4,1,0,0,0,0,0,0,0,0,0,0,0,0,0,0,0,0,0,0,0,0,0,0,0,0,0,0,0,0,0
CC,7/25/12,D,3,2,0,0,0,0,0,0,0,0,0,0,0,0,0,0,0,0,0,0,0,0,0,0,0,0,0,0,0,0,0,0
CC,7/25/12,D,3,1,0,0,0,0,0,0,0,2,0,0,0,0,0,0,0,10,0,0,0,0,0,0,0,0,0,0,0,0,0,0
CC,7/25/12,D,4,8,0,0,0,0,0,0,0,0,0,0,0,0,0,0,0,0,0,0,0,0,0,0,0,0,0,0,0,0,0,0
CC,7/25/12,D,4,4,0,0,0,0,0,0,0,0,0,0,0,0,0,0,0,0,0,0,0,0,0,0,0,0,0,0,0,0,0,0
CC,7/25/12,D,4,2,0,0,0,0,0,0,0,0,0,0,0,0,0,0,0,0,0,0,0,0,0,0,0,0,0,0,0,0,0,0
CC,7/25/12,D,4,1,0,0,1,0,0,0,0,2,0,0,0,0,0,0,0,17,0,0,0,0,0,13,0,0,0,0,0,0,0,0
CC,7/25/12,D,5,8,0,0,0,0,0,0,0,0,0,0,0,0,0,0,0,0,0,0,0,0,0,0,0,0,0,0,0,0,0,0
CC,7/25/12,D,5,4,0,0,0,0,0,0,0,0,0,0,0,0,0,0,0,0,0,0,0,0,0,0,0,0,0,0,0,0,0,0
CC,7/25/12,D,5,2,0,0,0,0,0,0,0,0,0,0,0,0,0,0,0,0,0,0,0,0,0,0,0,0,0,0,0,0,0,0
CC,7/25/12,D,5,1,0,0,1,0,0,0,0,2,0,0,1,0,0,0,0,15,0,0,0,0,0,21,0,0,0,0,0,0,0,0
CC,7/25/12,D,6,8,1,0,0,0,0,0,0,0,0,0,0,0,0,0,0,0,0,0,0,0,0,0,0,0,0,0,0,0,0,0
CC,7/25/12,D,6,4,0,0,0,0,0,0,0,0,0,0,0,0,0,0,0,0,0,0,0,0,0,0,0,0,0,0,0,0,0,0
CC,7/25/12,D,6,2,0,0,0,0,0,0,0,0,0,0,0,0,0,0,0,0,0,0,0,0,0,0,0,0,0,0,0,0,0,0
CC,7/25/12,D,6,1,0,0,0,0,0,0,0,0,0,0,0,0,0,0,0,12,0,0,0,0,0,14,0,0,0,0,0,0,0,1
CC,7/25/12,D,7,8,0,0,0,0,0,0,0,0,0,0,0,0,0,0,0,0,0,0,0,0,0,0,0,0,0,0,0,0,0,0
CC,7/25/12,D,7,4,0,0,0,0,0,0,0,0,0,0,0,0,0,0,0,0,0,0,0,0,0,0,0,0,0,0,0,0,0,0
CC,7/25/12,D,7,2,0,0,0,0,0,0,0,0,0,0,0,0,0,0,0,0,0,0,0,0,0,0,0,0,0,0,0,0,0,0
CC,7/25/12,D,7,1,0,0,0,0,0,1,0,1,0,0,0,0,0,1,0,15,0,0,0,0,0,0,0,0,0,0,0,0,0,1
CC,7/25/12,D,8,8,0,0,0,0,0,0,0,0,0,0,0,0,0,0,0,0,0,0,0,0,0,0,0,0,0,0,0,0,0,0
CC,7/25/12,D,8,4,0,0,0,0,0,0,0,0,0,0,0,0,0,0,0,0,0,0,0,0,0,0,0,0,0,0,0,0,0,0
CC,7/25/12,D,8,2,1,0,0,0,0,0,0,0,0,0,0,0,0,0,0,1,0,0,0,0,0,0,0,0,0,0,0,0,0,0
CC,7/25/12,D,8,1,0,0,1,0,0,1,0,5,1,0,0,0,0,0,0,54,0,0,0,0,0,3,0,0,0,0,0,0,0,0
CC,7/25/12,D,9,8,0,0,0,0,0,0,0,0,0,0,0,0,0,0,0,0,0,0,0,0,0,0,0,0,0,0,0,0,0,0
CC,7/25/12,D,9,4,1,0,0,0,0,0,0,0,0,0,0,0,0,0,0,0,0,0,0,0,0,0,0,0,0,0,0,0,0,0
CC,7/25/12,D,9,2,0,0,0,0,0,0,0,0,0,0,0,0,0,0,0,0,0,0,0,0,0,0,0,0,0,0,0,0,0,0
CC,7/25/12,D,9,1,0,0,2,0,0,0,0,0,0,0,0,0,0,1,0,7,0,0,0,0,0,1,0,0,0,0,0,0,0,1
CC,7/25/12,D,10,8,0,0,0,0,0,0,0,0,0,0,0,0,0,0,0,0,0,0,0,0,0,0,0,0,0,0,0,0,0,0
CC,7/25/12,D,10,4,0,0,0,0,0,0,0,0,0,0,0,0,0,0,0,0,0,0,0,0,0,0,0,0,0,0,0,0,0,0
CC,7/25/12,D,10,2,0,0,0,0,0,0,0,0,0,0,0,0,0,0,0,0,0,0,0,0,0,0,0,0,0,0,0,0,0,0
CC,7/25/12,D,10,1,2,0,0,1,0,0,0,2,4,0,0,0,0,0,0,60,0,0,0,0,0,4,0,0,0,0,0,0,0,2
CC,7/25/12,D,11,8,1,0,0,0,0,0,0,0,0,0,0,0,0,0,0,2,0,0,0,0,0,0,0,0,0,0,0,0,0,0
CC,7/25/12,D,11,4,1,0,0,0,0,0,0,0,0,0,0,0,0,0,0,0,0,0,0,0,0,0,0,0,0,0,0,0,0,0
CC,7/25/12,D,11,2,0,0,0,0,0,0,0,0,0,0,0,0,0,0,0,0,0,0,0,0,0,0,0,0,0,0,0,0,0,0
CC,7/25/12,D,11,1,0,0,0,0,0,0,0,4,0,0,1,0,0,1,0,52,0,0,0,0,0,43,0,0,0,0,0,0,0,2
CC,7/25/12,D,12,8,1,0,0,0,0,0,0,0,0,0,0,0,0,0,0,0,0,0,0,0,0,0,0,0,0,0,0,0,0,0
CC,7/25/12,D,12,4,0,0,0,0,0,0,0,0,0,0,0,0,0,0,0,0,0,0,0,0,0,0,0,0,0,0,0,0,0,0
CC,7/25/12,D,12,2,0,0,0,0,0,0,0,0,0,0,0,0,0,0,0,0,0,0,0,0,0,0,0,0,0,0,0,0,0,0
CC,7/25/12,D,12,1,0,0,0,0,0,0,0,0,0,0,0,0,0,0,0,4,0,0,0,0,0,0,0,0,0,0,0,0,0,0
CC,7/25/12,D,13,8,0,0,0,0,0,0,0,0,0,0,0,0,0,0,0,0,0,0,0,0,0,0,0,0,0,0,0,0,0,0
CC,7/25/12,D,13,4,0,0,0,0,0,0,0,0,0,0,0,0,0,0,0,0,0,0,0,0,0,0,0,0,0,0,0,0,0,0
CC,7/25/12,D,13,2,0,0,0,0,0,0,0,0,0,0,0,0,0,0,0,0,0,0,0,0,0,0,0,0,0,0,0,0,0,0
CC,7/25/12,D,13,1,0,0,0,0,0,0,0,2,0,0,0,0,0,0,0,42,0,0,0,0,0,32,0,0,0,0,0,0,0,1
CC,7/25/12,D,14,8,0,0,0,0,0,0,0,0,0,0,0,0,0,0,0,0,0,0,0,0,0,0,0,0,0,0,0,0,0,0
CC,7/25/12,D,14,4,0,0,0,0,0,0,0,0,0,0,0,0,0,0,0,0,0,0,0,0,0,0,0,0,0,0,0,0,0,0
CC,7/25/12,D,14,2,0,0,0,0,0,0,0,0,0,0,0,0,0,0,0,0,0,0,0,0,0,0,0,0,0,0,0,0,0,0
CC,7/25/12,D,14,1,1,0,0,0,0,0,0,0,0,0,0,0,0,1,0,28,0,0,0,0,0,40,0,0,0,0,0,0,0,0
CC,7/25/12,D,15,8,0,0,0,0,0,0,0,0,0,0,0,0,0,0,0,0,0,0,0,0,0,0,0,0,0,0,0,0,0,0
CC,7/25/12,D,15,4,2,0,0,0,0,0,0,0,0,0,0,0,0,0,0,0,0,0,0,0,0,0,0,0,0,0,0,0,0,0
CC,7/25/12,D,15,2,0,0,0,0,0,0,0,0,0,0,0,0,0,0,0,0,0,0,0,0,0,0,0,0,0,0,0,0,0,0
CC,7/25/12,D,15,1,1,0,0,0,0,0,0,0,1,0,2,0,0,0,0,5,0,0,0,0,0,1,0,0,0,0,0,0,0,0
CC,7/25/12,D,16,8,1,0,0,0,0,0,0,0,0,0,0,0,0,0,0,0,0,0,0,0,0,0,0,0,0,0,0,0,0,0
CC,7/25/12,D,16,4,0,0,0,0,0,0,0,0,0,0,0,0,0,0,0,0,0,0,0,0,0,0,0,0,0,0,0,0,0,0
CC,7/25/12,D,16,2,0,0,0,0,0,0,0,0,0,0,0,0,0,0,0,0,0,0,0,0,0,0,0,0,0,0,0,0,0,0
CC,7/25/12,D,16,1,1,0,1,0,0,1,0,2,1,0,0,0,0,0,0,25,0,0,0,0,0,9,0,0,0,0,0,0,0,0
BI,6/20/12,B,1,8,0,0,0,0,0,0,0,0,0,0,0,0,0,0,0,2,0,0,0,0,0,0,0,0,0,0,0,0,0,0
BI,6/20/12,B,1,4,0,0,0,0,0,0,0,1,0,0,0,0,0,0,0,0,0,0,0,0,0,0,0,0,0,0,0,0,0,0
BI,6/20/12,B,1,2,0,0,0,0,0,0,0,2,0,0,1,0,0,0,0,3,0,0,0,0,0,0,0,0,0,0,0,0,0,0
BI,6/20/12,B,1,1,1,0,0,0,0,0,1,1,0,0,7,1,0,0,0,4,0,0,3,0,0,0,0,0,0,0,0,0,0,4
BI,6/20/12,B,2,8,0,0,0,0,0,0,0,0,0,0,0,0,0,0,0,0,0,0,0,0,0,0,0,0,0,0,0,0,0,0
BI,6/20/12,B,2,4,0,0,0,0,0,0,0,0,0,0,0,0,0,0,0,2,0,0,0,0,0,0,0,0,0,0,0,0,0,0
BI,6/20/12,B,2,2,0,0,0,1,0,0,0,0,0,0,0,0,0,0,0,0,0,0,0,0,0,0,0,0,0,0,0,0,0,0
BI,6/20/12,B,2,1,4,0,0,0,0,0,0,1,0,0,3,1,0,0,0,7,0,0,0,0,0,43,0,0,0,0,0,0,0,17
BI,6/20/12,B,3,8,0,0,0,0,0,0,0,0,0,0,1,1,0,0,0,14,0,0,0,0,0,0,0,0,0,0,0,0,0,0
BI,6/20/12,B,3,4,0,0,0,0,0,0,0,2,0,0,0,0,0,0,0,2,0,0,0,0,0,0,0,0,0,0,0,0,0,0
BI,6/20/12,B,3,2,0,0,0,0,0,0,0,5,0,0,0,0,0,0,0,6,0,0,0,0,0,0,0,0,0,0,0,0,0,0
BI,6/20/12,B,3,1,0,0,1,1,1,0,1,1,2,0,66,0,0,0,0,1,0,0,3,0,0,12,0,0,0,0,0,0,3,4
BI,6/20/12,B,4,8,1,0,0,0,0,0,0,0,0,0,0,0,0,0,0,6,0,0,0,0,0,0,0,0,0,0,0,0,0,0
BI,6/20/12,B,4,4,0,0,0,0,0,0,0,1,0,0,0,0,0,0,0,5,0,0,0,0,0,0,0,0,0,0,0,0,0,0
BI,6/20/12,B,4,2,0,0,0,0,0,0,0,0,0,0,0,0,0,0,0,3,0,0,0,0,0,0,0,0,0,0,0,0,0,0
BI,6/20/12,B,4,1,6,0,0,0,0,0,0,0,0,0,18,1,0,1,0,16,0,0,4,0,0,12,0,0,0,0,0,0,1,28
BI,6/20/12,B,5,8,0,0,0,0,0,0,0,0,0,1,0,0,0,0,0,3,0,0,0,0,0,0,0,0,0,0,0,0,0,0
BI,6/20/12,B,5,4,0,0,0,0,0,0,0,0,0,0,0,0,0,0,0,0,0,0,0,0,0,0,0,0,0,0,0,0,0,0
BI,6/20/12,B,5,2,0,0,0,0,0,0,1,1,0,0,0,0,0,0,0,2,0,0,0,0,0,0,0,0,0,0,0,0,0,0
BI,6/20/12,B,5,1,1,0,0,0,0,0,0,0,0,0,16,1,0,0,0,7,0,0,0,0,0,14,0,0,0,0,0,0,0,49
BI,6/20/12,B,6,8,0,0,0,0,0,0,0,0,0,0,0,0,0,0,0,0,0,0,0,0,0,0,0,0,0,0,0,0,0,0
BI,6/20/12,B,6,4,0,0,0,0,0,0,0,0,0,0,0,0,0,0,0,0,0,0,0,0,0,0,0,0,0,0,0,0,0,0
BI,6/20/12,B,6,2,0,0,0,0,0,0,0,0,0,0,0,0,0,0,0,0,0,0,0,0,0,0,0,0,0,0,0,0,0,0
BI,6/20/12,B,6,1,2,0,0,0,0,0,0,1,0,0,2,0,0,0,0,4,0,0,0,0,0,1,0,0,0,0,0,0,0,18
BI,6/20/12,B,7,8,0,0,0,0,0,0,0,0,0,1,0,0,0,0,0,6,0,0,0,0,0,0,0,0,0,0,0,0,0,0
BI,6/20/12,B,7,4,0,0,0,0,0,0,0,0,0,0,0,0,0,0,0,0,0,0,0,0,0,0,0,0,0,0,0,0,0,0
BI,6/20/12,B,7,2,0,0,0,0,0,0,0,5,0,0,0,0,0,0,0,1,0,0,0,0,0,0,0,0,0,0,0,0,0,0
BI,6/20/12,B,7,1,4,0,0,3,0,0,1,1,0,0,7,1,0,0,0,4,0,0,0,0,0,19,0,0,0,0,0,0,0,8
BI,6/20/12,B,8,8,0,0,0,0,0,0,0,0,0,0,0,0,0,0,0,4,0,0,0,0,0,0,0,0,0,0,0,0,0,0
BI,6/20/12,B,8,4,0,0,0,0,0,0,0,0,0,0,0,0,0,0,0,0,0,0,0,0,0,0,0,0,0,0,0,0,0,0
BI,6/20/12,B,8,2,0,0,0,0,0,0,0,3,0,0,0,0,0,0,0,0,0,0,0,0,0,0,0,0,0,0,0,0,0,0
BI,6/20/12,B,8,1,1,0,0,2,0,0,0,0,2,0,10,0,0,0,0,18,0,0,0,0,0,259,0,0,0,0,0,0,1,121
BI,6/20/12,B,9,8,0,0,0,0,0,0,0,0,0,0,0,0,0,0,0,0,0,0,0,0,0,0,0,0,0,0,0,0,0,0
BI,6/20/12,B,9,4,0,0,0,0,0,0,0,0,0,0,0,0,0,0,0,2,0,0,0,0,0,0,0,1,0,0,0,0,0,0
BI,6/20/12,B,9,2,0,0,0,0,0,0,0,0,0,0,0,0,0,0,0,0,0,0,0,0,0,0,0,0,0,0,0,0,0,0
BI,6/20/12,B,9,1,4,0,0,0,0,0,0,0,0,0,12,1,0,0,0,7,0,0,1,0,0,51,0,0,0,0,0,0,0,84
BI,6/20/12,B,10,8,0,0,0,0,0,0,0,0,0,0,0,0,0,0,0,0,0,0,0,0,0,0,0,0,0,0,0,0,0,0
BI,6/20/12,B,10,4,0,0,0,0,0,0,0,0,0,1,0,0,0,0,0,0,0,0,0,0,0,2,0,0,0,0,0,0,0,0
BI,6/20/12,B,10,2,0,0,0,0,0,0,0,0,0,0,0,0,0,0,0,0,0,0,0,0,0,0,0,0,0,0,0,0,0,0
BI,6/20/12,B,10,1,1,0,0,0,0,0,0,0,0,0,0,0,0,0,0,4,0,0,1,0,0,11,0,0,0,0,0,0,0,2
BI,6/20/12,B,11,8,1,0,0,0,0,0,0,0,0,0,0,1,0,0,0,13,0,0,0,0,0,0,0,0,0,0,0,0,0,0
BI,6/20/12,B,11,4,0,0,0,0,0,0,0,0,0,0,0,0,0,0,0,4,0,0,0,0,0,0,0,0,0,0,0,0,0,0
BI,6/20/12,B,11,2,0,0,0,0,0,0,0,0,0,0,0,0,0,0,0,1,0,0,0,0,0,0,0,0,0,0,0,0,0,0
BI,6/20/12,B,11,1,1,0,0,0,0,0,1,0,0,0,4,0,0,0,0,6,0,0,0,0,0,14,0,0,0,0,0,0,0,26
BI,6/20/12,B,12,8,0,0,0,0,0,0,0,0,0,0,0,0,0,0,0,2,0,0,0,0,0,0,0,0,0,0,0,0,0,0
BI,6/20/12,B,12,4,1,0,0,0,0,0,0,0,0,0,0,1,0,0,0,5,0,0,0,0,0,0,0,0,0,0,0,0,0,0
BI,6/20/12,B,12,2,0,0,0,0,0,0,0,0,0,0,0,0,0,0,0,1,0,0,0,0,0,0,0,0,0,0,0,0,0,0
BI,6/20/12,B,12,1,1,0,1,0,0,0,2,0,0,0,6,0,0,0,0,4,0,0,0,0,0,16,0,0,0,0,0,0,0,7
BI,6/20/12,B,13,8,0,0,0,0,0,0,0,0,0,0,0,0,0,0,0,0,0,0,0,0,0,0,0,0,0,0,0,0,0,0
BI,6/20/12,B,13,4,0,0,0,0,0,0,0,0,0,0,0,0,0,0,0,0,0,0,0,0,0,0,0,0,0,0,0,0,0,0
BI,6/20/12,B,13,2,0,0,0,0,0,0,0,0,0,0,0,0,0,0,0,6,0,0,0,0,0,0,0,0,0,0,0,0,0,0
BI,6/20/12,B,13,1,0,0,0,0,0,0,0,0,1,0,8,1,0,0,0,2,0,0,1,0,0,4,0,0,0,0,0,0,1,14
BI,6/20/12,B,14,8,0,0,0,0,0,0,0,0,0,0,0,0,0,0,0,0,0,0,0,0,0,0,0,0,0,0,0,0,0,0
BI,6/20/12,B,14,4,0,0,0,0,0,0,0,0,0,0,1,0,0,0,0,18,0,1,0,0,0,0,0,0,0,0,0,0,0,0
BI,6/20/12,B,14,2,1,0,0,0,0,0,0,2,0,0,0,0,0,0,0,12,0,0,0,0,0,0,0,0,0,0,0,0,0,0
BI,6/20/12,B,14,1,0,0,0,0,0,1,1,0,0,0,1,0,0,0,0,17,0,0,0,0,0,20,0,0,0,0,0,0,0,27
BI,6/20/12,B,15,8,0,0,0,0,0,0,0,0,0,0,0,0,0,0,0,0,0,0,0,0,0,0,0,0,0,0,0,0,0,0
BI,6/20/12,B,15,4,0,0,0,0,0,0,0,0,0,0,0,0,0,0,0,46,0,0,0,0,0,0,0,0,0,0,0,0,0,0
BI,6/20/12,B,15,2,0,0,1,0,0,0,0,0,0,0,0,0,0,0,0,18,0,0,0,0,0,0,0,0,0,0,0,0,0,0
BI,6/20/12,B,15,1,1,0,0,0,0,1,1,0,9,0,9,2,0,0,0,16,0,0,5,0,0,2,0,0,0,0,0,0,1,1
BI,6/20/12,B,16,8,0,0,0,0,0,0,0,0,0,0,0,0,0,0,0,4,0,0,0,0,0,0,0,0,0,0,0,0,0,0
BI,6/20/12,B,16,4,0,0,0,0,0,0,0,0,0,1,0,0,0,0,0,2,0,0,0,0,0,0,0,0,0,0,0,0,0,0
BI,6/20/12,B,16,2,0,0,0,0,0,0,0,0,0,0,0,0,0,0,0,0,0,0,0,0,0,0,0,0,0,0,0,0,0,0
BI,6/20/12,B,16,1,1,0,0,0,0,0,0,1,0,0,1,0,0,0,0,9,0,0,1,0,0,31,0,0,0,0,0,0,0,68
BE,6/15/12,B,1,8,0,0,0,0,0,0,0,0,0,0,0,0,0,0,0,0,0,0,0,0,0,0,0,0,0,0,0,0,0,0
BE,6/15/12,B,1,4,0,0,1,0,0,0,0,0,0,0,0,0,0,0,0,0,0,0,0,0,0,0,0,0,0,0,0,0,0,0
BE,6/15/12,B,1,2,0,0,5,0,0,0,0,1,0,0,0,1,0,0,0,0,0,0,0,0,0,0,0,0,0,0,0,0,0,0
BE,6/15/12,B,1,1,1,0,17,1,2,0,0,0,0,0,0,0,0,0,0,0,0,0,2,0,0,0,0,0,0,0,0,0,0,0
BE,6/15/12,B,2,8,0,0,6,0,0,0,0,0,0,0,0,0,0,0,0,0,0,0,0,0,0,0,0,0,0,0,0,0,0,0
BE,6/15/12,B,2,4,0,0,7,0,0,0,0,0,0,0,0,0,0,0,0,0,0,0,0,0,0,0,0,0,0,0,0,0,0,0
BE,6/15/12,B,2,2,0,0,13,0,0,0,0,0,0,0,0,0,0,0,0,0,0,0,0,0,0,0,0,0,0,0,0,0,0,0
BE,6/15/12,B,2,1,0,0,61,0,3,0,0,0,0,0,2,0,0,0,0,0,0,0,0,0,0,0,0,0,0,0,0,0,0,0
BE,6/15/12,B,3,8,0,0,3,0,0,0,0,0,0,0,0,0,0,0,0,0,0,0,0,0,0,0,0,0,0,0,0,0,0,0
BE,6/15/12,B,3,4,0,0,6,0,0,0,0,0,0,0,0,0,0,0,0,0,0,0,0,0,0,0,0,0,0,0,0,0,0,0
BE,6/15/12,B,3,2,0,0,22,0,0,0,0,0,0,0,0,0,0,0,0,0,0,0,0,0,0,0,0,0,0,0,0,0,0,0
BE,6/15/12,B,3,1,1,0,66,1,0,0,0,0,0,0,1,0,0,0,0,1,0,0,4,0,0,0,0,0,0,0,0,0,0,0
BE,6/15/12,B,4,8,2,0,2,0,0,0,0,0,0,0,0,0,0,0,0,0,0,0,0,0,0,0,0,0,0,0,0,0,0,0
BE,6/15/12,B,4,4,0,0,7,0,0,0,0,0,0,0,0,0,0,0,0,0,0,0,0,0,0,0,0,0,0,0,0,0,0,0
BE,6/15/12,B,4,2,1,0,33,0,0,0,0,0,0,0,0,1,0,0,0,0,0,0,0,0,0,0,0,0,0,0,0,0,0,0
BE,6/15/12,B,4,1,11,0,104,1,2,0,0,1,0,0,0,3,0,0,0,11,0,0,2,0,1,0,0,0,0,0,0,0,0,0
BE,6/15/12,B,5,8,0,0,3,0,0,0,0,0,0,0,0,0,0,0,0,0,0,0,0,0,0,0,0,0,0,0,0,0,0,0
BE,6/15/12,B,5,4,0,1,2,0,0,0,0,0,0,0,0,0,0,0,0,0,0,0,0,0,0,0,0,0,0,0,0,0,0,0
BE,6/15/12,B,5,2,0,0,10,0,0,0,0,0,0,0,0,0,0,0,0,0,0,0,0,0,0,0,0,0,0,0,0,0,0,0
BE,6/15/12,B,5,1,0,0,60,0,3,1,0,0,0,0,0,0,0,0,0,2,0,0,0,0,0,0,0,0,0,0,0,0,0,0
BE,6/15/12,B,6,8,0,0,0,0,0,0,0,0,0,0,0,0,0,0,0,0,0,0,0,0,0,0,0,0,0,0,0,0,0,0
BE,6/15/12,B,6,4,0,0,8,0,0,0,0,0,0,0,0,1,0,0,0,0,0,0,0,0,0,0,0,0,0,0,0,0,0,0
BE,6/15/12,B,6,2,1,0,7,0,0,0,0,1,0,0,0,1,0,0,0,0,0,0,0,0,0,0,0,0,0,0,0,0,0,0
BE,6/15/12,B,6,1,6,0,104,0,4,2,1,2,0,0,1,1,0,0,0,4,0,0,2,0,0,0,0,0,0,0,0,0,0,0
BE,6/15/12,B,7,8,0,0,2,0,0,0,0,0,0,0,0,0,0,0,0,0,0,0,0,0,0,0,0,0,0,0,0,0,0,0
BE,6/15/12,B,7,4,0,0,8,0,0,0,0,0,0,0,0,0,0,0,0,0,0,0,0,0,0,0,0,0,0,0,0,0,0,0
BE,6/15/12,B,7,2,0,0,11,0,0,0,0,0,0,0,0,0,0,0,0,0,0,0,0,0,0,0,0,0,0,0,0,0,0,0
BE,6/15/12,B,7,1,0,0,47,0,0,0,0,6,0,0,0,3,0,0,0,1,0,0,1,0,0,0,0,0,0,0,0,0,0,0
BE,6/15/12,B,8,8,0,0,2,0,0,0,0,0,0,0,0,0,0,0,0,0,0,0,0,0,0,0,0,0,0,0,0,0,0,0
BE,6/15/12,B,8,4,0,2,2,0,0,0,0,0,0,0,0,0,0,0,0,3,0,0,0,0,0,0,0,0,0,0,0,0,0,0
BE,6/15/12,B,8,2,0,0,4,0,0,0,0,0,0,0,0,0,0,0,0,0,0,0,0,0,0,0,0,0,0,0,0,0,0,0
BE,6/15/12,B,8,1,0,0,41,1,1,0,0,1,0,0,0,0,0,0,0,0,0,0,1,0,0,0,0,0,0,0,0,0,0,0
BE,6/15/12,B,9,8,0,0,0,0,0,0,0,0,0,0,0,0,0,0,0,0,0,0,0,0,0,0,0,0,0,0,0,0,0,0
BE,6/15/12,B,9,4,0,1,2,0,0,0,0,0,0,0,0,0,0,0,0,0,0,0,0,0,0,0,0,0,0,0,0,0,0,0
BE,6/15/12,B,9,2,0,0,19,0,0,0,0,1,0,0,0,0,0,0,0,0,0,0,0,0,0,0,0,0,0,0,0,0,0,0
BE,6/15/12,B,9,1,4,0,61,1,0,0,0,2,0,0,0,3,0,1,0,1,0,0,2,0,0,0,0,0,0,0,0,0,0,0
BE,6/15/12,B,10,8,0,0,2,0,1,0,0,0,0,0,0,0,0,0,0,0,0,0,0,0,0,0,0,0,0,0,0,0,0,0
BE,6/15/12,B,10,4,0,1,6,0,0,0,0,0,0,0,0,0,0,0,0,0,0,0,0,0,0,0,0,0,0,0,0,0,0,0
BE,6/15/12,B,10,2,0,0,14,0,0,0,0,0,0,0,0,0,0,0,0,0,0,0,0,0,0,0,0,0,0,0,0,0,0,0
BE,6/15/12,B,10,1,1,0,82,0,1,2,0,2,0,0,1,6,0,0,0,2,0,0,1,1,0,0,0,0,0,0,0,0,0,0
BE,6/15/12,B,11,8,0,0,0,0,0,0,0,0,0,0,0,0,0,0,0,0,0,0,0,0,0,0,0,0,0,0,0,0,0,0
BE,6/15/12,B,11,4,0,0,1,0,0,0,0,0,0,0,0,0,0,0,0,0,0,0,0,1,0,0,0,0,0,0,0,0,0,0
BE,6/15/12,B,11,2,0,0,20,0,0,0,0,0,0,0,0,1,0,0,0,1,0,0,0,0,0,0,0,0,0,0,0,0,0,0
BE,6/15/12,B,11,1,0,0,77,0,0,3,0,0,0,0,0,4,0,0,0,0,0,0,0,0,0,0,0,0,0,0,0,0,0,0
BE,6/15/12,B,12,8,0,1,1,0,0,0,0,0,0,0,0,1,0,0,0,0,0,0,0,0,0,0,0,0,0,0,0,0,0,0
BE,6/15/12,B,12,4,0,0,3,0,0,0,0,0,0,0,0,1,0,0,0,0,0,0,0,0,0,0,0,0,0,0,0,0,0,0
BE,6/15/12,B,12,2,0,0,15,0,0,0,0,0,0,0,0,2,0,0,0,0,0,0,0,0,0,0,0,0,0,0,0,0,0,0
BE,6/15/12,B,12,1,0,0,35,0,5,2,0,2,0,0,0,1,0,0,0,1,0,0,2,0,0,0,0,0,0,0,0,0,0,0
BE,6/15/12,B,13,8,0,2,0,0,0,0,0,3,0,0,0,0,0,0,0,0,0,0,0,0,0,0,0,0,0,0,0,0,0,0
BE,6/15/12,B,13,4,0,1,3,0,0,0,1,7,0,0,0,0,0,0,0,0,0,0,0,0,0,0,0,0,0,0,0,0,0,0
BE,6/15/12,B,13,2,0,0,13,0,0,0,0,27,0,0,0,1,0,0,0,0,0,0,0,0,0,0,0,0,0,0,0,0,0,0
BE,6/15/12,B,13,1,0,0,110,11,3,1,4,31,0,0,0,7,0,0,0,0,0,0,5,0,0,2,0,0,0,0,0,0,0,0
BE,6/15/12,B,14,8,0,0,2,0,0,0,0,0,0,0,0,0,0,0,0,0,0,0,0,0,0,0,0,0,0,0,0,0,0,0
BE,6/15/12,B,14,4,0,0,3,0,0,0,0,0,0,0,0,0,0,0,0,0,0,0,0,0,0,0,0,0,0,0,0,0,0,0
BE,6/15/12,B,14,2,0,0,9,0,0,0,0,0,0,0,0,0,0,0,0,0,0,0,0,0,0,0,0,0,0,0,0,0,0,0
BE,6/15/12,B,14,1,0,0,20,0,0,1,0,0,0,0,0,0,0,0,0,0,0,0,0,0,0,0,0,0,0,0,0,0,0,0
BE,6/15/12,B,15,8,0,0,2,0,0,0,0,0,0,0,0,0,0,0,0,0,0,0,0,0,0,0,0,0,0,0,0,0,0,0
BE,6/15/12,B,15,4,0,0,5,0,0,0,0,0,0,0,0,0,0,0,0,0,0,0,0,0,0,0,0,0,0,0,0,0,0,0
BE,6/15/12,B,15,2,0,0,4,0,0,0,0,0,0,0,0,0,0,0,0,0,0,0,0,0,0,0,0,0,0,0,0,0,0,0
BE,6/15/12,B,15,1,0,0,20,0,0,0,0,1,0,0,0,0,0,0,0,0,0,0,0,0,0,0,0,0,0,0,0,0,0,0
BE,6/15/12,B,16,8,0,0,26,0,0,0,0,0,0,0,0,0,0,0,0,0,0,0,0,0,0,0,0,0,0,0,0,0,0,0
BE,6/15/12,B,16,4,0,0,30,0,1,0,0,0,0,0,0,0,0,0,0,0,0,0,0,0,0,0,0,0,0,0,0,0,0,0
BE,6/15/12,B,16,2,0,0,18,0,1,0,0,0,0,0,0,0,0,0,0,0,0,0,0,0,0,0,0,0,0,0,0,0,0,0
BE,6/15/12,B,16,1,0,0,72,0,5,0,0,4,0,0,1,3,0,0,0,0,0,0,0,0,0,0,0,0,0,0,0,0,0,0