Date,Location,Site,Time.Code,Time,Station,Temp.s,Temp.2,Temp.b,Sal.s,Sal.2,Sal.b,bottom depth,Temp.a,Sal.a
6/26/12,Crow Cove,CC,B,1240,1,15.6,-,15.6,6.9,-,7,1.5,15.6,6.95
6/26/12,Crow Cove,CC,B,1240,2,15.6,-,15.6,7,-,7.1,1.5,15.6,7.05
6/26/12,Crow Cove,CC,B,1240,3,15.6,-,15.6,7,-,7.5,1.5,15.6,7.25
6/26/12,Boyson Islands,BI,B,1220,2,16,25.9,-,7.8,8.4,-,-,20.95,8.1
6/26/12,Boyson Islands,BI,B,1220,3,16,16,-,7.8,8.5,-,-,16,8.15
6/28/12,Wizard Island,WI,B,1430,1,17.3,-,17.3,7.9,-,8.6,1.5,17.3,8.25
6/28/12,Wizard Island,WI,B,1430,2,17.1,17.5,-,7.8,8.7,-,-,17.3,8.25
6/26/12,Boyson Islands,BI,B,1220,1,15.9,16.1,-,8.1,8.6,-,-,16,8.35
6/8/12,Snug Cove,SC,A,1031,3,12.5,-,13.2,6.8,-,10.2,1,12.85,8.5
6/26/12,Fishfarm Cove,NB,B,1320,3,15.4,15.8,-,8.4,9.8,-,-,15.6,9.1
6/26/12,Fishfarm Cove,NB,B,1320,2,15.3,15.7,-,8.3,10.1,-,-,15.5,9.2
6/26/12,Crickitt Bay,CB,B,1305,3,15.7,15.7,-,9.4,9.4,-,-,15.7,9.4
6/26/12,San Mateo Bay,SMB,B,1255,1,15.8,-,15.7,8.6,-,10.2,1,15.75,9.405
6/26/12,San Mateo Bay,SMB,B,1255,2,16,-,15.7,8.7,-,10.2,1,15.85,9.45
6/26/12,Crickitt Bay,CB,B,1305,1,15.6,-,15.8,9.4,-,9.6,1,15.7,9.5
6/26/12,Crickitt Bay,CB,B,1305,2,15.7,-,15.8,9.4,-,9.6,1.5,15.75,9.5
5/2/12,"Santa Maria Island, Numukamis Bay",SM,A,1137,-,8.7,9.7,-,5.7,13.4,-,-,9.2,9.55
6/26/12,Fishfarm Cove,NB,B,1320,1,15.5,15.5,-,9.2,10,-,-,15.5,9.6
5/23/12,San Mateo Bay,SMB,A,1127,1,12.5,-,12.5,9.5,-,10.3,1,12.5,9.9
6/26/12,San Mateo Bay,SMB,B,1255,3,15.9,15.3,-,8.8,11.5,-,-,15.6,10.15
6/28/12,Wizard Island,WI,B,1430,3,17.1,17.5,15,8.3,8.5,14.2,3,16.53333333,10.33333333
6/9/12,Crow Cove,CC,A,1330,1,13.4,-,13.3,10.3,-,10.9,1.5,13.35,10.6
6/9/12,Crow Cove,CC,A,1330,3,13.4,13.4,-,9.8,11.4,-,-,13.4,10.6
5/23/12,Crickitt Bay,CB,A,1137,1,12.5,-,12.5,11.3,-,11.6,1,12.5,11.45
5/2/12,Fishfarm Cove,NB,A,1119,-,8.8,10,-,5.1,17.8,-,-,9.4,11.45
5/2/12,San Mateo Bay,SMB,A,1008,-,9.5,9.7,-,10.5,12.4,-,-,9.6,11.45
5/2/12,"Split Cove, Congreve Island (East)",SpC,A,1059,-,8.6,9.7,-,5.9,17,-,-,9.15,11.45
6/26/12,Weasel Cove,WC,B,1138,1,15.2,15,-,11.1,11.8,-,-,15.1,11.45
5/23/12,San Mateo Bay,SMB,A,1127,2,12.5,-,12.8,9.8,-,13.6,1.5,12.65,11.7
6/9/12,Crow Cove,CC,A,1330,2,13.4,13.2,-,10,14.1,-,-,13.3,12.05
6/26/12,Robber's Passage,RP,B,1148,3,15.5,15.3,-,11.8,12.3,-,-,15.4,12.05
5/2/12,San Mateo Bay,SMB,A,1008,-,9.5,9.8,-,10.6,13.5,-,-,9.65,12.05
6/26/12,Robber's Passage,RP,B,1148,2,15.4,13.2,-,11.8,12.4,-,-,14.3,12.1
6/26/12,Weasel Cove,WC,B,1138,2,15.3,15,13.8,11,11.7,14.1,3,14.7,12.26666667
5/27/12,Fishfarm Cove,NB,A,1212,3,13.6,-,15.3,7.1,-,17.5,1,14.45,12.3
8/9/12,Fishfarm Cove,NB,C,1525,1,26,25.1,24.9,12,12.8,12.8,4,25.33333333,12.53333333
7/10/12,Fishfarm Cove,NB,B,1745,3,21.6,20.4,19.6,10.3,13.5,14.1,3,20.53333333,12.63333333
6/26/12,Robber's Passage,RP,B,1148,1,15.3,14.9,14.3,11.7,12.5,13.7,3,14.83333333,12.63333333
5/2/12,San Mateo Bay,SMB,A,1008,-,9.6,9.8,-,10.6,14.9,-,-,9.7,12.75
5/9/12,Fishfarm Cove,NB,A,1146,3,11,-,11.1,12.6,-,13.1,1,11.05,12.85
5/8/12,Fishfarm Cove,NB,A,1140,3,12.1,-,12.2,12.5,-,13.3,1,12.15,12.9
6/26/12,Weasel Cove,WC,B,1138,3,15.2,14.9,12.6,11.1,11.9,15.8,4,14.23333333,12.93333333
6/18/12,Fishfarm Cove,NB,B,1510,3,13.8,13.9,-,6.3,19.7,-,-,13.85,13
8/9/12,Fishfarm Cove,NB,C,1525,3,25.3,24.5,-,12.8,13.2,-,-,24.9,13
5/9/12,Fishfarm Cove,NB,A,1146,2,10.6,-,10.9,12,-,14.1,1,10.75,13.05
5/26/12,Fishfarm Cove,NB,A,1538,3,17.4,15.8,-,10.1,16,-,-,16.6,13.05
7/10/12,Fishfarm Cove,NB,B,1745,2,21.7,20.5,19.2,9.7,13.2,16.5,3,20.46666667,13.13333333
6/26/12,Bald Eagle Cove,BE,B,1125,1,14.4,14.2,-,13,13.3,-,-,14.3,13.15
7/2/12,Crow Cove,CC,B,1226,2,19.2,18.1,19.5,9.2,11.7,18.6,3.5,18.93333333,13.16666667
6/26/12,Ellis Island,EI,B,1345,3,15.1,15.5,15.5,13,13.3,13.2,3,15.36666667,13.16666667
8/9/12,Fishfarm Cove,NB,C,1525,2,24.6,23.6,23.2,12.9,13.3,13.5,3.5,23.8,13.23333333
6/26/12,Ellis Island,EI,B,1345,2,16,15.6,-,13.2,13.3,-,-,15.8,13.25
6/26/12,Ellis Island,EI,B,1345,1,15.5,15.5,-,13.3,13.4,-,-,15.5,13.35
5/7/12,San Mateo Bay,SMB,A,1250,-,13.2,12.4,-,13.2,13.5,-,-,12.8,13.35
7/13/12,Fishfarm Cove,NB,B,1153,3,18.6,17.7,-,8.6,18.2,-,-,18.15,13.4
7/2/12,San Mateo Bay,SMB,B,1240,2,18.5,19,-,11.6,15.2,-,-,18.75,13.4
5/7/12,Crickitt Bay*,CB,A,1115,-,12.7,-,12.5,13.2,-,13.7,1,12.6,13.45
5/7/12,Crickitt Bay*,CB,A,1115,-,12.4,-,12.3,13.5,-,13.7,1,12.35,13.6
5/8/12,Fishfarm Cove,NB,A,1140,1,12.1,12.4,-,13.2,14,-,-,12.25,13.6
5/9/12,Fishfarm Cove,NB,A,1146,1,11,-,10.9,12.1,-,15.3,1.5,10.95,13.7
5/7/12,Crickitt Bay*,CB,A,1115,-,12.5,-,12.2,13.4,-,14.1,1.5,12.35,13.75
5/23/12,Boyson Islands,BI,A,1105,1,12.7,-,12.9,12.9,-,14.7,1.5,12.8,13.8
5/23/12,Boyson Islands,BI,A,1105,3,12.7,-,12.9,12.8,-,14.8,1.5,12.8,13.8
6/26/12,Dodger Channel,DC,B,1100,3,15.1,15.1,-,13.7,13.9,-,-,15.1,13.8
5/24/12,Fishfarm Cove,NB,A,1200,3,12.6,-,12.8,13.1,-,14.5,1,12.7,13.8
6/9/12,San Mateo Bay,SMB,A,1340,1,15.5,-,14.7,13.2,-,14.4,1,15.1,13.8
5/8/12,San Mateo Bay,SMB,A,1214,1,11.5,-,12.4,12,-,15.7,1,11.95,13.85
5/7/12,Crickitt Bay,CB,A,1125,-,12.7,-,12.1,13.8,-,14.2,1,12.4,14
8/11/12,Crickitt Bay,CB,C,1445,1,21.8,-,21.4,14,-,14,1,21.6,14
8/11/12,Crickitt Bay,CB,C,1445,2,21.6,-,21,13.9,-,14.2,1.5,21.3,14.05
6/9/12,Crickitt Bay,CB,A,1350,1,14,-,14.8,13.8,-,14.4,1,14.4,14.1
7/5/12,Crickitt Bay,CB,B,1523,1,26.8,24.7,-,10.4,17.8,-,-,25.75,14.1
5/7/12,Crickitt Bay,CB,A,1125,-,12.7,12.1,-,13.8,14.5,-,-,12.4,14.15
5/8/12,Crickitt Bay,CB,A,1156,1,12.3,-,12.4,14.1,-,14.2,0.5,12.35,14.15
7/13/12,San Mateo Bay,SMB,B,1132,2,18.5,18,-,12.4,15.9,-,-,18.25,14.15
7/10/12,Fishfarm Cove,NB,B,1745,1,22,21.4,16.8,10.6,12.6,19.4,4,20.06666667,14.2
8/16/12,Crow Cove,CC,C,1051,3,18.6,18.7,-,14.2,14.3,-,-,18.65,14.25
5/8/12,Fishfarm Cove,NB,A,1140,2,12.1,12.6,-,13,15.6,-,-,12.35,14.3
8/16/12,Crow Cove,CC,C,1051,2,18.7,18.7,-,14.5,14.2,-,-,18.7,14.35
8/1/12,Crow Cove,CC,C,1320,1,16.4,16.4,16.2,13.5,14.2,15.4,3,16.33333333,14.36666667
6/26/12,Bald Eagle Cove,BE,B,1125,2,14.4,14.3,11.9,13.3,13.7,16.2,3.5,13.53333333,14.4
5/8/12,San Mateo Bay,SMB,A,1214,2,12.3,-,12.2,12.1,-,16.9,1,12.25,14.5
5/8/12,Crickitt Bay,CB,A,1156,2,12.5,-,12.4,14.1,-,15,1.5,12.45,14.55
6/9/12,San Mateo Bay,SMB,A,1340,2,14.9,-,14.6,14,-,15.1,1,14.75,14.55
6/26/12,Wizard Island,WI,B,1116,1,14.5,13.9,-,14.1,15,-,-,14.2,14.55
5/26/12,Fishfarm Cove,NB,A,1538,2,17.2,15.8,15.7,12,16,15.9,3,16.23333333,14.63333333
8/11/12,Crickitt Bay,CB,C,1445,3,21.6,20.5,19.2,13.9,14.5,15.6,3,20.43333333,14.66666667
7/2/12,Crow Cove,CC,B,1226,1,17.3,17.4,17.9,9.8,14.8,19.4,3.5,17.53333333,14.66666667
7/25/12,Crow Cove,CC,C,1534,2,20.4,16.6,14.6,6.9,16.6,20.5,4,17.2,14.66666667
8/16/12,Crow Cove,CC,C,1051,1,18.8,18.9,-,14.7,14.7,-,-,18.85,14.7
6/26/12,Dodger Channel,DC,B,1100,2,15.2,15.1,-,14.7,14.7,-,-,15.15,14.7
7/25/12,Crow Cove,CC,C,1534,3,19.5,16.5,14.6,7.3,16.5,20.4,3.5,16.86666667,14.73333333
5/23/12,Boyson Islands,BI,A,1105,2,12.8,13,-,12.8,16.7,-,-,12.9,14.75
7/13/12,Fishfarm Cove,NB,B,1153,1,18.3,18.2,-,12.7,16.8,-,-,18.25,14.75
8/1/12,San Mateo Bay,SMB,C,1307,1,16.1,16.5,-,14.1,15.5,-,-,16.3,14.8
8/1/12,San Mateo Bay,SMB,C,1307,2,16,16.4,-,14.5,15.1,-,-,16.2,14.8
6/26/12,Wizard Island,WI,B,1116,2,14.4,13.6,-,14.2,15.4,-,-,14,14.8
6/26/12,Bald Eagle Cove,BE,B,1125,3,14.3,13.6,11.8,13.4,14.7,16.4,4,13.23333333,14.83333333
7/25/12,Crow Cove,CC,C,1534,1,19.2,17,14.6,7.9,16.2,20.4,4,16.93333333,14.83333333
7/13/12,San Mateo Bay,SMB,B,1132,1,18.6,18.2,-,14,15.7,-,-,18.4,14.85
7/2/12,San Mateo Bay,SMB,B,1240,1,17.8,18.1,19.3,11.4,15.4,17.8,3,18.4,14.86666667
8/1/12,Crow Cove,CC,C,1320,2,16.5,16.6,15.4,13.5,14.1,17.2,4,16.16666667,14.93333333
6/8/12,Snug Cove,SC,A,1031,1,12.4,13.5,13.4,8.4,17.3,19.1,3,13.1,14.93333333
7/13/12,Crow Cove,CC,B,1125,3,18.4,17.2,-,13.7,16.2,-,-,17.8,14.95
5/7/12,Congreve Island Anchorage,CI,A,1055,-,12.7,-,12.6,15,-,15,1,12.65,15
5/8/12,Crickitt Bay,CB,A,1156,3,12.4,12.3,-,14.1,16,-,-,12.35,15.05
5/27/12,Crickitt Bay,CB,A,1159,1,14.3,-,14.3,15.1,-,15.1,0.5,14.3,15.1
5/8/12,San Mateo Bay,SMB,A,1214,3,12,-,12,12.2,-,18,1.5,12,15.1
8/13/12,Crow Cove,CC,C,1453,2,20.6,17.7,-,14.1,16.2,-,-,19.15,15.15
7/13/12,Fishfarm Cove,NB,B,1153,2,18.6,18.3,17.1,8.5,17.4,19.6,3,18,15.16666667
6/26/12,Dodger Channel,DC,B,1100,1,14.7,15.1,-,15.2,15.2,-,-,14.9,15.2
8/13/12,San Mateo Bay,SMB,C,1507,1,22.7,20.9,-,14.9,15.5,-,1,21.8,15.2
5/27/12,San Mateo Bay,SMB,A,1149,1,14.4,-,14.6,14.5,-,16,1,14.5,15.25
5/9/12,San Mateo Bay,SMB,A,1121,1,11.7,-,11.8,15.3,-,15.3,0.4,11.75,15.3
8/13/12,San Mateo Bay,SMB,C,1507,2,22.1,21.3,-,15,15.6,-,1.5,21.7,15.3
5/26/12,Fishfarm Cove,NB,A,1538,1,16.4,16,15.9,14.3,15.8,15.9,4,16.1,15.33333333
8/13/12,Crow Cove,CC,C,1453,1,20.3,17.9,-,14.4,16.3,-,-,19.1,15.35
7/13/12,Crow Cove,CC,B,1125,2,18.2,17.8,17,13.9,15.5,16.8,3,17.66666667,15.4
5/27/12,San Mateo Bay,SMB,A,1149,2,14.5,-,14.7,14.8,-,16,0.5,14.6,15.4
6/18/12,Fishfarm Cove,NB,B,1510,2,13.8,14,13.8,7.9,18.8,19.6,3,13.86666667,15.43333333
8/1/12,San Mateo Bay,SMB,C,1307,3,16,16.4,15.7,14.3,15,17,4,16.03333333,15.43333333
8/13/12,Crow Cove,CC,C,1453,3,20.5,17.7,-,14,17,-,-,19.1,15.5
7/2/12,San Mateo Bay,SMB,B,1240,3,18.5,19,18.4,11.2,15.8,19.5,3.5,18.63333333,15.5
8/1/12,Crow Cove,CC,C,1320,3,16.6,16.6,14.2,13.5,14.1,19,4,15.8,15.53333333
7/2/12,Boyson Islands,BI,B,1210,3,19.4,19.9,19.3,11.6,16.4,18.8,3,19.53333333,15.6
5/23/12,Crickitt Bay,CB,A,1137,2,12.5,12.7,-,11.5,19.7,-,-,12.6,15.6
5/9/12,San Mateo Bay,SMB,A,1121,2,11.7,-,12,15.2,-,16,1,11.85,15.6
6/26/12,Wizard Island,WI,B,1116,3,14.4,13,12.8,14.3,16.4,16.1,3,13.4,15.6
5/27/12,Boyson Islands,BI,A,1122,2,14.9,-,14.8,12.8,-,18.5,1.5,14.85,15.65
6/2/12,Crickitt Bay,CB,A,1522,1,15.4,-,14.7,14.6,-,16.8,1,15.05,15.7
7/13/12,Crickitt Bay,CB,B,1142,1,18.4,18.1,-,14.9,16.5,-,-,18.25,15.7
7/13/12,Crickitt Bay,CB,B,1142,2,18.4,18,-,15,16.4,-,-,18.2,15.7
7/13/12,Crow Cove,CC,B,1125,1,18.2,17.5,16.6,14.1,15.6,17.5,3,17.43333333,15.73333333
5/2/12,Congreve Island Anchorage,CI,A,1046,-,9.8,10.1,-,9.5,22.1,-,-,9.95,15.8
8/1/12,Boyson Islands,BI,C,1351,1,16.9,17.1,16.4,15.2,15.4,17,3.5,16.8,15.86666667
6/27/12,Dodger Channel,DC,B,1335,2,13.5,11.3,11.4,14.5,16.4,16.7,3,12.06666667,15.86666667
5/7/12,Fishfarm Cove,NB,A,1030,-,11.9,-,11.9,11.9,-,19.9,1.5,11.9,15.9
8/13/12,San Mateo Bay,SMB,C,1507,3,21.4,21.3,17.8,15,15.2,17.5,3,20.16666667,15.9
7/13/12,Boyson Islands,BI,B,1110,1,18.4,18,-,15.4,16.5,-,-,18.2,15.95
5/7/12,Congreve Island Anchorage,CI,A,1055,-,12.5,12.2,-,15,16.9,-,-,12.35,15.95
5/23/12,Crickitt Bay,CB,A,1137,3,12.5,12.7,-,10.9,21,-,-,12.6,15.95
8/13/12,Crickitt Bay,CB,C,1515,1,21.1,21.2,-,15.7,16.2,-,1.5,21.15,15.95
6/9/12,Fishfarm Cove,NB,A,1400,3,14.3,14,-,12.5,19.4,-,-,14.15,15.95
5/7/12,Congreve Island Anchorage,CI,A,1055,-,12.5,12.3,-,15,17,-,-,12.4,16
5/8/12,Boyson Islands,BI,A,1229,3,12.6,12.6,-,15.5,16.6,-,-,12.6,16.05
5/7/12,San Mateo Bay,SMB,A,1250,-,12.7,12.2,11.6,13.3,13.5,21.6,3,12.16666667,16.13333333
6/9/12,Boyson Islands,BI,A,1315,1,14.3,-,13.5,13.6,-,18.7,1.5,13.9,16.15
6/27/12,Dodger Channel,DC,B,1335,1,16,12.5,10,14.6,16.1,18,4,12.83333333,16.23333333
5/7/12,Boyson Islands,BI,A,1149,-,12.8,12.2,-,15.7,16.8,-,-,12.5,16.25
5/27/12,Crickitt Bay,CB,A,1159,2,14.2,14.5,-,14.9,17.6,-,-,14.35,16.25
5/27/12,Fishfarm Cove,NB,A,1212,2,14.5,-,15,13.8,-,18.7,1.5,14.75,16.25
8/13/12,Crickitt Bay,CB,C,1515,2,21.1,20.5,-,15.7,16.9,-,-,20.8,16.3
6/27/12,Dodger Channel,DC,B,1335,3,13.2,11.7,-,15.6,17,-,-,12.45,16.3
8/13/12,Fishfarm Cove,NB,C,1530,3,21.3,20.7,-,16.3,16.3,-,1.5,21,16.3
5/8/12,Weasel Cove,WC,A,1110,1,12.1,-,12.1,16,-,16.6,1,12.1,16.3
7/2/12,Boyson Islands,BI,B,1210,1,18.2,18.7,18.3,11.9,17.1,20,3,18.4,16.33333333
5/27/12,Fishfarm Cove,NB,A,1212,1,14.1,-,14.2,10.5,-,22.2,1.5,14.15,16.35
8/1/12,Boyson Islands,BI,C,1351,2,16.8,17,15.1,15.2,15.6,18.4,4,16.3,16.4
5/7/12,Fishfarm Cove,NB,A,1030,-,11.8,-,11.9,13.4,-,19.4,1,11.85,16.4
7/13/12,San Mateo Bay,SMB,B,1132,3,18.6,18.4,15.2,12.9,15.4,20.9,3.5,17.4,16.4
6/8/12,Snug Cove,SC,A,1031,2,12.8,13.3,13.1,8.5,17.6,23.2,4,13.06666667,16.43333333
5/8/12,Bald Eagle Cove,BE,A,1055,2,12.1,11.7,-,11.7,21.3,-,-,11.9,16.5
7/5/12,Crickitt Bay,CB,B,1523,2,26.3,23.4,22.9,10.5,18.2,21,3,24.2,16.56666667
8/13/12,Crickitt Bay,CB,C,1515,3,21.1,20.3,19.3,15.6,16.8,17.3,3.5,20.23333333,16.56666667
8/1/12,Boyson Islands,BI,C,1351,3,16.5,16.9,14.6,15.4,15.5,18.9,4,16,16.6
8/13/12,Boyson Islands,BI,C,1440,1,20.3,20.6,-,16.3,17,-,-,20.45,16.65
5/7/12,Boyson Islands,BI,A,1215,-,13.3,12.5,12.3,15.7,16.7,17.6,3,12.7,16.66666667
5/8/12,Boyson Islands,BI,A,1229,2,12.5,12.6,-,15.5,17.9,-,-,12.55,16.7
6/2/12,Crickitt Bay,CB,A,1522,2,15.7,14.7,-,16.2,17.3,-,-,15.2,16.75
5/7/12,Fishfarm Cove,NB,A,1030,-,12.1,-,11.9,13.7,-,19.8,1.5,12,16.75
5/23/12,Fishfarm Cove,NB,A,1151,2,12.3,12.9,-,14.3,19.2,-,-,12.6,16.75
5/27/12,San Mateo Bay,SMB,A,1149,3,14.5,14.4,-,14.8,18.7,-,-,14.45,16.75
8/18/12,San Mateo Bay,SMB,C,1202,1,18.4,17.5,-,15.8,17.7,-,-,17.95,16.75
5/21/12,Crickitt Bay,CB,A,1115,1,12.9,-,12.9,13.5,-,20.1,1.5,12.9,16.8
8/13/12,Fishfarm Cove,NB,C,1530,2,21.2,20.3,-,16.5,17.1,-,-,20.75,16.8
8/16/12,Crickitt Bay,CB,C,1113,1,19,18.3,-,16.8,16.9,-,-,18.65,16.85
5/8/12,Boyson Islands,BI,A,1229,1,12.5,12.5,-,15.5,18.3,-,-,12.5,16.9
5/6/12,Bald Eagle Cove,BE,A,1150,-,11.9,11.5,-,16.8,17.1,-,-,11.7,16.95
6/9/12,Boyson Islands,BI,A,1315,3,14.3,13.6,-,13.7,20.3,-,-,13.95,17
7/13/12,Boyson Islands,BI,B,1110,3,18.5,18.1,16.4,15.1,16.3,19.6,3,17.66666667,17
8/16/12,Boyson Islands,BI,C,1037,2,19.7,19.3,-,16.3,17.7,-,-,19.5,17
5/9/12,Crickitt Bay,CB,A,1133,3,11.4,11.6,-,16.4,17.6,-,-,11.5,17
7/5/12,Crickitt Bay,CB,B,1523,3,25.4,22.9,21.4,10.5,18.3,22.2,3.5,23.23333333,17
5/6/12,Bald Eagle Cove,BE,A,1150,-,12.1,11.8,-,17,17.1,-,-,11.95,17.05
5/6/12,Bald Eagle Cove,BE,A,1150,-,11.9,11.8,-,17,17.1,-,-,11.85,17.05
5/9/12,Crickitt Bay,CB,A,1133,1,11.7,-,11.8,16.9,-,17.2,0.3,11.75,17.05
6/18/12,Crickitt Bay,CB,B,1455,1,15,14.3,-,14.8,19.3,-,-,14.65,17.05
8/16/12,San Mateo Bay,SMB,C,1102,2,19.6,18.7,-,16.6,17.5,-,-,19.15,17.05
5/6/12,Bald Eagle Cove,BE,A,1150,-,11.8,11.7,-,17.1,17.1,-,-,11.75,17.1
5/9/12,Crickitt Bay,CB,A,1133,2,11.6,11.7,-,16.8,17.4,-,-,11.65,17.1
5/23/12,Fishfarm Cove,NB,A,1151,3,12.2,-,13,15,-,19.2,1.5,12.6,17.1
6/18/12,Fishfarm Cove,NB,B,1510,1,14.1,14.2,13.8,11.4,18.8,21.1,3,14.03333333,17.1
6/2/12,San Mateo Bay,SMB,A,1511,1,17.2,-,14.4,12.9,-,21.3,1.5,15.8,17.1
8/16/12,San Mateo Bay,SMB,C,1102,1,19.6,19.2,-,16.6,17.6,-,-,19.4,17.1
8/18/12,San Mateo Bay,SMB,C,1202,2,18.3,17.5,-,16.4,17.8,-,-,17.9,17.1
5/21/12,Wizard Island,WI,A,958,1,12.7,12.9,12.9,-,15.8,18.4,-,12.83333333,17.1
6/9/12,Boyson Islands,BI,A,1315,2,13.6,13.5,-,14,20.3,-,-,13.55,17.15
8/16/12,Boyson Islands,BI,C,1037,1,19.8,19.2,-,16.4,17.9,-,-,19.5,17.15
8/18/12,Crow Cove,CC,C,1151,1,18.5,17.3,-,16.4,17.9,-,-,17.9,17.15
6/9/12,Fishfarm Cove,NB,A,1400,2,14.2,13.9,-,15.4,18.9,-,-,14.05,17.15
8/13/12,Fishfarm Cove,NB,C,1530,1,20.9,20.3,"20,1",16.8,17.4,17.3,3,20.6,17.16666667
8/16/12,San Mateo Bay,SMB,C,1102,3,19.6,18.3,18.3,16.5,17.2,17.8,3,18.73333333,17.16666667
6/9/12,Fishfarm Cove,NB,A,1400,1,14.1,13.9,13.9,12.6,19.5,19.5,3,13.96666667,17.2
8/13/12,Boyson Islands,BI,C,1440,3,20.8,20.9,17.2,15.9,16.6,19.2,3,19.63333333,17.23333333
8/5/12,Wizard Island,WI,C,1415,1,19,16.3,15.1,15.5,17.6,18.6,3.5,16.8,17.23333333
5/7/12,Wizard Island,WI,A,944,-,11.9,11.9,-,16.8,17.7,-,-,11.9,17.25
7/2/12,Crickitt Bay,CB,B,1246,1,19.6,19.8,18.1,12.1,18.4,21.3,3,19.16666667,17.26666667
5/7/12,San Mateo Bay,SMB,A,1250,-,12.3,12.1,10.8,12.9,13.6,25.3,4,11.73333333,17.26666667
7/2/12,Crow Cove,CC,B,1226,3,18.2,18.2,18.1,19.5,13.5,18.9,3.5,18.16666667,17.3
6/19/12,Boyson Islands,BI,B,1422,1,15.6,15.5,14.6,16.4,17,18.6,3,15.23333333,17.33333333
5/21/12,Crickitt Bay,CB,A,1115,2,12.9,12.8,-,13.3,21.4,-,-,12.85,17.35
7/2/12,Fishfarm Cove,NB,B,1300,2,19,18.8,19.8,9.9,21.6,20.8,3,19.2,17.43333333
8/16/12,Weasel Cove,WC,C,958,1,18,18.1,-,17.4,17.5,-,-,18.05,17.45
5/7/12,Wizard Island,WI,A,944,-,11.9,-,11.9,16.9,-,18,1.5,11.9,17.45
8/13/12,Bald Eagle Cove,BE,C,1345,1,18.6,17.8,-,17.1,17.9,-,-,18.2,17.5
8/13/12,Boyson Islands,BI,C,1440,2,20.5,20.6,17.5,16,17.1,19.4,3,19.53333333,17.5
5/6/12,Weasel Cove,WC,A,1245,-,12.1,11.7,-,16,19,-,-,11.9,17.5
8/16/12,Wizard Island,WI,C,937,3,17,16.8,16.5,17.4,17.4,17.7,4,16.76666667,17.5
8/18/12,Crow Cove,CC,C,1151,3,18.8,17.5,16.8,16.3,18,18.3,3,17.7,17.53333333
8/16/12,Dodger Channel,DC,C,920,1,14.2,13.4,-,17.1,18,-,1.5,13.8,17.55
6/2/12,Fishfarm Cove,NB,A,1537,3,14.6,14.4,-,12.7,22.4,-,-,14.5,17.55
6/2/12,San Mateo Bay,SMB,A,1511,2,16.7,-,14.6,13.6,-,21.5,1.5,15.65,17.55
6/19/12,Boyson Islands,BI,B,1422,3,15.4,15.5,14.8,17.2,17.4,18.1,3,15.23333333,17.56666667
8/18/12,Crickitt Bay,CB,C,1213,1,17.6,17.3,-,17.3,17.9,-,-,17.45,17.6
7/2/12,Fishfarm Cove,NB,B,1300,3,18.3,18.3,20.5,10.2,21.8,20.8,3,19.03333333,17.6
7/13/12,Robber's Passage,RP,B,1045,3,18.3,18.6,17.5,16.1,17.1,19.6,3,18.13333333,17.6
8/18/12,San Mateo Bay,SMB,C,1202,3,18.2,17,16.2,16.3,18,18.5,4,17.13333333,17.6
7/2/12,Boyson Islands,BI,B,1210,2,18.3,18.3,18,12.4,18,22.5,4,18.2,17.63333333
8/18/12,Crow Cove,CC,C,1151,2,18.7,17.2,16.6,16.4,18.1,18.4,3,17.5,17.63333333
7/13/12,Robber's Passage,RP,B,1045,2,18.4,18.2,17.8,16.1,17.8,19,3,18.13333333,17.63333333
5/2/12,"Crickitt Bay, Barkley Sound",CB,A,1029,-,9.5,9.9,-,10.8,24.5,-,-,9.7,17.65
8/16/12,Wizard Island,WI,C,937,2,16.7,16.6,16.4,17.6,17.7,17.7,3,16.56666667,17.66666667
8/16/12,Crickitt Bay,CB,C,1113,2,19,18.7,16.2,16.7,16.8,19.6,3,17.96666667,17.7
7/17/12,Wizard Island,WI,B,1112,1,17.8,18.1,17.8,17.1,17.8,18.3,3,17.9,17.73333333
8/5/12,Wizard Island,WI,C,1415,2,18.6,16,13.7,15.8,17.9,19.5,4,16.1,17.73333333
5/7/12,Bald Eagle Cove,BE,A,954,-,11.6,11.5,-,17.5,18,-,-,11.55,17.75
5/6/12,Wizard Island,WI,A,950,-,11.5,11.4,-,17.6,17.9,-,-,11.45,17.75
6/9/12,Crickitt Bay,CB,A,1350,2,14.1,-,13.2,13.9,-,21.7,1.5,13.65,17.8
8/16/12,Crickitt Bay,CB,C,1113,3,19.1,18.6,16,16.7,16.9,19.8,4,17.9,17.8
5/6/12,Weasel Cove,WC,A,1245,-,13.2,11.5,-,15.8,19.8,-,-,12.35,17.8
8/18/12,Crickitt Bay,CB,C,1213,2,17.6,17.3,17.2,17.5,18,18,3,17.36666667,17.83333333
5/27/12,Boyson Islands,BI,A,1122,1,14.8,-,14.5,12.8,-,22.9,1.5,14.65,17.85
8/16/12,Boyson Islands,BI,C,1037,3,19.5,19,15.8,16.2,17.7,19.7,4,18.1,17.86666667
8/7/12,Robber's Passage,RP,C,1512,2,18,17.7,17.3,17.4,18,18.2,3,17.66666667,17.86666667
8/5/12,Wizard Island,WI,C,1415,3,18.4,15.9,13.1,15.8,18,19.8,4,15.8,17.86666667
8/18/12,Crickitt Bay,CB,C,1213,3,17.6,17.2,17.1,17.6,18,18.1,4,17.3,17.9
5/6/12,Weasel Cove,WC,A,1245,-,12.1,16.4,-,16.4,19.4,-,-,14.25,17.9
8/16/12,Bald Eagle Cove,BE,C,946,2,17.6,17.6,17.2,17.9,17.9,18,3,17.46666667,17.93333333
7/2/12,Crickitt Bay,CB,B,1246,2,18.3,18.9,17.4,12.8,18.6,22.4,3,18.2,17.93333333
5/7/12,Wizard Island,WI,A,944,-,11.9,11.9,11.5,16.8,17,20,3,11.76666667,17.93333333
8/16/12,Bald Eagle Cove,BE,C,946,1,17.6,17.2,-,17.9,18,-,-,17.4,17.95
5/20/12,Wizard Island,WI,A,1141,1,13.2,12.7,-,16.8,19.2,-,-,12.95,18
8/16/12,Wizard Island,WI,C,937,1,17,16.3,-,17.7,18.3,-,-,16.65,18
6/20/12,Boyson Islands,BI,B,1438,1,16.9,15.9,12.9,11.4,14.1,28.6,3,15.23333333,18.03333333
6/18/12,Crow Cove,CC,B,1431,3,14.3,13.7,13.7,13.9,19.5,20.7,3,13.9,18.03333333
7/13/12,Robber's Passage,RP,B,1045,1,18.4,18.7,16,15.9,16.7,21.5,3.5,17.7,18.03333333
5/6/12,Wizard Island,WI,A,950,-,11.3,11.3,-,18,18.1,-,-,11.3,18.05
7/13/12,Boyson Islands,BI,B,1110,2,18.4,18,15,15.4,16.5,22.3,3,17.13333333,18.06666667
5/23/12,Fishfarm Cove,NB,A,1151,1,12.6,12.9,13,15.1,19.6,19.5,3,12.83333333,18.06666667
8/16/12,Weasel Cove,WC,C,958,3,18.2,18.1,14.2,17.2,17.1,19.9,4,16.83333333,18.06666667
8/16/12,Bald Eagle Cove,BE,C,946,3,17.7,17.7,15.1,17.7,17.7,18.9,4,16.83333333,18.1
5/7/12,Boyson Islands,BI,A,1215,-,13,12.2,11.7,15.8,16.9,21.6,3.5,12.3,18.1
8/18/12,Boyson Islands,BI,C,1128,3,17.9,17.1,-,17.7,18.5,-,-,17.5,18.1
5/6/12,Weasel Cove,WC,A,1245,-,12.1,11.4,-,15.8,20.4,-,-,11.75,18.1
5/8/12,Wizard Island,WI,A,1045,1,12.1,-,12.2,17.9,-,18.3,1,12.15,18.1
8/13/12,Wizard Island,WI,C,1334,1,17.4,16.8,-,18,18.2,-,-,17.1,18.1
7/13/12,Crickitt Bay,CB,B,1142,3,18.3,18,14,15.1,16.7,22.6,3,16.76666667,18.13333333
8/18/12,Bald Eagle Cove,BE,C,1041,1,16.7,16.5,-,18.1,18.2,-,-,16.6,18.15
8/16/12,Robber's Passage,RP,C,1008,2,18.1,17.4,-,17.9,18.4,-,-,17.75,18.15
5/6/12,Wizard Island,WI,A,950,-,11.3,11.2,-,18.1,18.2,-,-,11.25,18.15
5/6/12,Wizard Island,WI,A,950,-,11.2,11.2,-,18.1,18.2,-,-,11.2,18.15
8/7/12,Robber's Passage,RP,C,1512,3,17.9,17.7,16.8,17.9,18,18.6,3.5,17.46666667,18.16666667
8/18/12,Boyson Islands,BI,C,1128,1,18.1,18.9,-,17.6,18.8,-,-,18.5,18.2
5/7/12,Fullerton Point Bay,FP,A,1231,-,12.8,11.8,-,15.2,21.2,-,-,12.3,18.2
8/16/12,Weasel Cove,WC,C,958,2,18,18.1,15.7,17.4,17.3,19.9,3,17.26666667,18.2
5/8/12,Wizard Island,WI,A,1045,2,12.1,-,12,17.9,-,18.5,1.5,12.05,18.2
8/16/12,Robber's Passage,RP,C,1008,3,18.5,17.4,15.8,17.4,18.1,19.2,3,17.23333333,18.23333333
6/18/12,Crickitt Bay,CB,B,1455,2,14.8,13.9,-,15.4,21.1,-,-,14.35,18.25
5/7/12,Fullerton Point Bay,FP,A,1231,-,13.4,11.9,-,15.2,21.3,-,-,12.65,18.25
5/9/12,San Mateo Bay,SMB,A,1121,3,11.7,11.9,-,15.3,21.2,-,-,11.8,18.25
5/8/12,Weasel Cove,WC,A,1110,2,12.1,11.2,-,11.2,25.3,-,-,11.65,18.25
5/7/12,Fullerton Point Bay,FP,A,1231,-,12.9,11.9,-,15.2,21.4,-,-,12.4,18.3
8/13/12,Bald Eagle Cove,BE,C,1345,2,18.8,17.6,15.6,17.3,18.3,19.4,4,17.33333333,18.33333333
5/24/12,Fishfarm Cove,NB,A,1200,2,12.6,-,12.8,12.5,-,24.2,1.5,12.7,18.35
8/13/12,Robber's Passage,RP,C,1407,1,19,18.6,-,18.3,18.4,-,-,18.8,18.35
8/18/12,Fishfarm Cove,NB,C,1227,2,18.6,17.4,15.4,17.8,18.4,18.9,3,17.13333333,18.36666667
7/13/12,Bald Eagle Cove,BE,B,1025,1,17.9,18,15.1,16.1,17.1,22,3,17,18.4
6/2/12,Fishfarm Cove,NB,A,1537,2,14.7,-,14,14.8,-,22,1,14.35,18.4
8/13/12,Wizard Island,WI,C,1334,3,17.4,16.9,14.1,17.9,18.2,19.1,4,16.13333333,18.4
5/7/12,Crickitt Bay,CB,A,1125,-,12.1,11.6,10.8,14.1,16.6,24.6,3.5,11.5,18.43333333
8/13/12,Wizard Island,WI,C,1334,2,17.6,16.7,14.6,18,18.3,19,4,16.3,18.43333333
5/27/12,Boyson Islands,BI,A,1122,3,14.9,14.1,-,12.8,24.1,-,-,14.5,18.45
7/17/12,Wizard Island,WI,B,1112,2,18,18.2,16.4,17.1,17.8,20.5,3.5,17.53333333,18.46666667
8/18/12,Wizard Island,WI,C,1031,2,16.7,16.5,16,18.1,18.6,18.7,3,16.4,18.46666667
8/18/12,Bald Eagle Cove,BE,C,1041,2,16.9,16.4,-,18.3,18.7,-,-,16.65,18.5
8/18/12,Boyson Islands,BI,C,1128,2,18,16.8,16.2,17.6,18.8,19.1,3,17,18.5
6/4/12,Crickitt Bay,CB,A,954,2,13.1,13.2,-,17.4,19.6,-,-,13.15,18.5
6/18/12,Crow Cove,CC,B,1431,2,14.3,13.8,13.6,14.7,19.8,21,3,13.9,18.5
8/18/12,Weasel Cove,WC,C,1053,1,17.2,16.1,-,18,19,-,1.5,16.65,18.5
7/13/12,Wizard Island,WI,B,1015,1,18.1,18.4,17.1,17.7,18.1,19.8,3,17.86666667,18.53333333
6/4/12,Crickitt Bay,CB,A,954,1,13,13.1,-,17.4,19.7,-,-,13.05,18.55
6/18/12,San Mateo Bay,SMB,B,1445,2,14.3,13.9,-,14.7,22.4,-,-,14.1,18.55
8/18/12,Bald Eagle Cove,BE,C,1041,3,16.9,16.3,15.6,18.1,18.5,19.1,4,16.26666667,18.56666667
5/23/12,San Mateo Bay,SMB,A,1127,3,12.7,12.9,11.9,10.6,17.6,27.5,3.5,12.5,18.56666667
7/13/12,Weasel Cove,WC,B,1035,2,18.1,16.4,15.1,15.6,18.9,21.2,3.5,16.53333333,18.56666667
8/13/12,Bald Eagle Cove,BE,C,1345,3,18.7,17.4,15.5,17.7,18.4,19.7,4,17.2,18.6
5/7/12,Weasel Cove,WC,A,1010,-,11.8,11.5,-,15.2,22,-,-,11.65,18.6
7/13/12,Weasel Cove,WC,B,1035,3,18.1,16.4,14.9,15.6,18.9,21.3,3.5,16.46666667,18.6
8/18/12,Robber's Passage,RP,C,1102,1,17,16.3,-,18.4,18.9,-,-,16.65,18.65
6/2/12,Fishfarm Cove,NB,A,1537,1,15,14.1,14.1,14.6,20.5,20.9,3,14.4,18.66666667
8/18/12,Fishfarm Cove,NB,C,1227,3,18.2,15.7,15.4,17.9,19.1,19,3,16.43333333,18.66666667
6/2/12,Boyson Islands,BI,A,1456,1,14.8,13.9,-,18.3,19.1,-,-,14.35,18.7
7/3/12,Robber's Passage,RP,B,1646,2,21.8,21.7,20.9,17.6,19,19.5,3,21.46666667,18.7
8/13/12,Robber's Passage,RP,C,1407,2,19.3,18.7,16.7,18.1,18.3,19.7,3,18.23333333,18.7
8/18/12,Weasel Cove,WC,C,1053,3,17.6,16.1,15.9,17.9,19.1,19.1,4,16.53333333,18.7
7/13/12,Bald Eagle Cove,BE,B,1025,2,18,18.1,14.2,16,17.4,22.8,4,16.76666667,18.73333333
7/17/12,Bald Eagle Cove,BE,B,1120,1,17.6,17.2,15.8,16.4,19,20.8,3.5,16.86666667,18.73333333
8/18/12,Fishfarm Cove,NB,C,1227,1,18.8,17.3,15.1,18.4,18.4,19.4,3,17.06666667,18.73333333
7/17/12,Wizard Island,WI,B,1112,3,18.3,18.4,15.3,17.4,17.6,21.2,4,17.33333333,18.73333333
5/8/12,Bald Eagle Cove,BE,A,1055,1,12,-,12,17.6,-,19.9,1.5,12,18.75
8/16/12,Dodger Channel,DC,C,920,2,13.7,13.3,-,18.7,18.8,-,1.5,13.5,18.75
8/16/12,Dodger Channel,DC,C,920,3,13.4,13.3,-,18.8,18.7,-,-,13.35,18.75
6/18/12,Crow Cove,CC,B,1431,1,14.1,13.7,13.7,14.8,20.1,21.4,4,13.83333333,18.76666667
8/18/12,Weasel Cove,WC,C,1053,2,17.4,16,15.9,18.1,19.1,19.1,3.5,16.43333333,18.76666667
7/2/12,Wizard Island,WI,B,1113,1,17.8,18,16.7,17.1,18.8,20.4,3,17.5,18.76666667
8/18/12,Wizard Island,WI,C,1031,3,16.9,16.2,14.6,18,18.8,19.5,4,15.9,18.76666667
8/13/12,Ellis Island,EI,C,1553,3,18.7,14.5,14.3,18.5,18.5,19.4,4,15.83333333,18.8
7/13/12,Weasel Cove,WC,B,1035,1,17.8,16.1,15.6,16.3,19.6,20.5,3,16.5,18.8
5/31/12,Wizard Island,WI,A,1500,1,13.4,-,13,16.2,-,21.4,1.5,13.2,18.8
8/18/12,Wizard Island,WI,C,1031,1,16.7,16.3,-,19.2,18.4,-,1.5,16.5,18.8
5/9/12,Boyson Islands,BI,A,1103,1,12,-,12.5,17,-,20.7,0.5,12.25,18.85
7/13/12,Bald Eagle Cove,BE,B,1025,3,18,18,14,16.2,17.4,23,4,16.66666667,18.86666667
6/20/12,Boyson Islands,BI,B,1438,3,16.1,15.4,11.8,11.8,14.5,30.3,4,14.43333333,18.86666667
7/2/12,Crickitt Bay,CB,B,1246,3,18,17.9,17.4,13.3,19.2,24.1,4,17.76666667,18.86666667
7/3/12,Robber's Passage,RP,B,1646,3,21.5,21.3,21.1,17.9,19.3,19.4,3,21.3,18.86666667
5/24/12,Fishfarm Cove,NB,A,1200,1,12.8,12.7,-,13.5,24.3,-,-,12.75,18.9
5/9/12,Boyson Islands,BI,A,1103,2,12,-,12.5,17.2,-,20.7,1.5,12.25,18.95
5/29/12,San Mateo Bay,SMB,A,1108,1,13.3,-,13.7,18.7,-,19.2,1,13.5,18.95
6/18/12,San Mateo Bay,SMB,B,1445,1,14.2,14,-,15.6,22.3,-,-,14.1,18.95
7/3/12,Robber's Passage,RP,B,1646,1,20.8,20.6,-,18.7,19.3,-,-,20.7,19
8/13/12,Robber's Passage,RP,C,1407,3,18.6,18.3,17,18.6,18.7,19.7,3,17.96666667,19
6/13/12,Crow Cove,CC,A,1327,3,14.2,13.5,-,17.1,21,-,-,13.85,19.05
5/29/12,San Mateo Bay,SMB,A,1108,2,13.5,-,13.8,18.6,-,19.5,1.5,13.65,19.05
8/13/12,Weasel Cove,WC,C,1357,1,18.9,18.2,-,18.8,19.3,-,-,18.55,19.05
8/16/12,Robber's Passage,RP,C,1008,1,18.2,17.4,15.7,18.1,18.8,20.3,3,17.1,19.06666667
8/18/12,Robber's Passage,RP,C,1102,3,17,16.1,15.3,18.5,19,19.7,3,16.13333333,19.06666667
7/17/12,Bald Eagle Cove,BE,B,1120,3,17.7,17.5,14.7,16.3,18.7,22.3,4,16.63333333,19.1
8/13/12,Dodger Channel,DC,C,1315,1,14.1,12.5,12.8,19.1,19.2,19,4,13.13333333,19.1
8/13/12,Dodger Channel,DC,C,1315,2,14.2,12.8,12.6,19.1,19.2,19,4,13.2,19.1
8/13/12,Dodger Channel,DC,C,1315,3,13.9,12.7,12.8,19,19.2,19.1,3,13.13333333,19.1
5/20/12,Fishfarm Cove,NB,A,1515,3,13.6,14.2,-,17.8,20.4,-,-,13.9,19.1
8/18/12,Robber's Passage,RP,C,1102,2,16.9,16.1,15,18.5,19.1,19.7,3.5,16,19.1
6/20/12,Boyson Islands,BI,B,1438,2,16.5,15.4,11.7,11.5,15.4,30.5,4,14.53333333,19.13333333
5/9/12,Boyson Islands,BI,A,1103,3,12,-,12.5,17.6,-,20.7,0.5,12.25,19.15
7/17/12,Bald Eagle Cove,BE,B,1120,2,17.7,17.4,14.7,16.6,18.8,22.2,4,16.6,19.2
7/2/12,Wizard Island,WI,B,1113,2,17.2,17.2,16.6,17.4,19.2,21,3.5,17,19.2
7/13/12,Wizard Island,WI,B,1015,2,18.3,18.4,15.6,17.7,18,21.9,3,17.43333333,19.2
5/21/12,Boyson Islands,BI,A,1136,1,12.8,12.7,-,13.1,25.4,-,-,12.75,19.25
8/18/12,Ellis Island,EI,C,1250,2,16.3,15.3,-,19.1,19.4,-,-,15.8,19.25
8/13/12,Ellis Island,EI,C,1553,2,18.8,15.4,14.6,18.6,19.5,19.7,3,16.26666667,19.26666667
6/19/12,Boyson Islands,BI,B,1422,2,15.3,15.4,14,17.3,17.5,23.1,3,14.9,19.3
8/18/12,Ellis Island,EI,C,1250,1,16.3,15.1,-,19.1,19.5,-,-,15.7,19.3
8/18/12,Dodger Channel,DC,C,1014,1,14.6,14.5,-,19.3,19.4,-,1.5,14.55,19.35
8/16/12,Fishfarm Cove,NB,C,1127,3,20.2,18.4,-,19.1,19.6,-,-,19.3,19.35
8/18/12,Ellis Island,EI,C,1250,3,16.1,15,14.8,19.1,19.5,19.5,4,15.3,19.36666667
7/2/12,Bald Eagle Cove,BE,B,1122,2,17.7,17.8,16.1,17.2,18.1,22.9,3.5,17.2,19.4
6/13/12,Crow Cove,CC,A,1327,2,13.9,13.4,-,17.9,20.9,-,-,13.65,19.4
8/18/12,Dodger Channel,DC,C,1014,2,14.6,14.6,-,19.4,19.4,-,1.5,14.6,19.4
8/18/12,Dodger Channel,DC,C,1014,3,14.5,14.5,-,19.4,19.4,-,1.5,14.5,19.4
8/13/12,Ellis Island,EI,C,1553,1,18.6,15.4,14.1,18.8,19.6,19.9,3,16.03333333,19.43333333
8/3/12,Dodger Channel,DC,C,1530,1,15.9,13.5,13.1,19.3,19.6,19.6,4,14.16666667,19.5
8/3/12,Dodger Channel,DC,C,1530,3,16.4,13.4,12.8,19.3,19.5,19.7,3.5,14.2,19.5
8/13/12,Weasel Cove,WC,C,1357,3,18.9,18.8,14.9,18.9,18.9,20.7,4,17.53333333,19.5
6/9/12,Wizard Island,WI,A,1220,1,13.7,-,13.5,19.1,-,19.9,1,13.6,19.5
6/30/12,Wizard Island,WI,B,1742,1,18.6,17.9,17.7,17.5,20.4,20.6,3,18.06666667,19.5
6/13/12,Crow Cove,CC,A,1327,1,14,13.6,-,18.2,20.9,-,-,13.8,19.55
8/3/12,Dodger Channel,DC,C,1530,2,16.4,13.3,13.1,19.3,19.7,19.7,3,14.26666667,19.56666667
6/18/12,Boyson Islands,BI,B,1415,2,13.8,13.7,13.7,17.8,19.1,21.9,3,13.73333333,19.6
6/18/12,Boyson Islands,BI,B,1415,1,14.1,13.2,13.5,17.7,19.4,21.8,3,13.6,19.63333333
7/2/12,Robber's Passage,RP,B,1145,1,20.1,20.4,20.3,17.9,20.1,20.9,3,20.26666667,19.63333333
8/13/12,Weasel Cove,WC,C,1357,2,19.1,18.3,15.4,18.9,19.3,20.7,4,17.6,19.63333333
5/25/12,Bald Eagle Cove,BE,A,1111,1,13.5,13.1,-,19.3,20,-,-,13.3,19.65
5/29/12,San Mateo Bay,SMB,A,1108,3,13.5,13.9,-,19,20.3,-,-,13.7,19.65
6/18/12,Boyson Islands,BI,B,1415,3,13.4,13.5,13.4,18.1,19.1,22,3,13.43333333,19.73333333
7/13/12,Wizard Island,WI,B,1015,3,18.4,18.5,13.2,17.7,17.8,23.7,4,16.7,19.73333333
5/7/12,Weasel Cove,WC,A,1010,-,11.7,11,-,15.2,24.3,-,-,11.35,19.75
5/25/12,Wizard Island,WI,A,1101,1,13.5,-,13.6,18.3,-,21.2,1.5,13.55,19.75
5/25/12,Wizard Island,WI,A,1101,2,13.6,13.4,-,18.5,21,-,-,13.5,19.75
7/2/12,Bald Eagle Cove,BE,B,1122,3,17.7,17.7,17.5,17.3,18.2,23.8,4,17.63333333,19.76666667
6/4/12,Crickitt Bay,CB,A,954,3,13.1,13.2,13.3,17.3,19.7,22.3,3,13.2,19.76666667
7/13/12,Ellis Island,EI,B,1215,3,18.6,14.7,14,15.4,21.9,22,3,15.76666667,19.76666667
7/23/12,Ellis Island,EI,C,1520,1,15.3,15.1,14.9,19.4,19.9,20.2,3,15.1,19.83333333
5/21/12,San Mateo Bay,SMB,A,1256,1,13.1,11.7,-,10.5,29.2,-,-,12.4,19.85
5/21/12,Fishfarm Cove,NB,A,1055,3,13.8,13.6,-,18.4,21.4,-,-,13.7,19.9
7/23/12,Ellis Island,EI,C,1520,2,15.2,15.1,14.9,19.8,20,20.3,3.5,15.06666667,20.03333333
8/16/12,Fishfarm Cove,NB,C,1127,2,20,18.9,14.9,19.4,19.6,21.1,3,17.93333333,20.03333333
7/13/12,Ellis Island,EI,B,1215,2,18.7,14.6,14.2,15.5,22.3,22.4,3,15.83333333,20.06666667
7/23/12,Ellis Island,EI,C,1520,3,15.3,15,14.9,19.7,20.2,20.4,4,15.06666667,20.1
5/31/12,Wizard Island,WI,A,1500,2,13.2,12.8,-,16.4,23.8,-,-,13,20.1
7/2/12,Robber's Passage,RP,B,1145,2,19,18.5,18.5,17.8,21,21.7,3,18.66666667,20.16666667
5/21/12,Bald Eagle Cove,BE,A,1015,1,12.7,12.2,-,15.2,25.2,-,-,12.45,20.2
5/21/12,Crickitt Bay,CB,A,1115,3,13,12.5,-,15,25.4,-,-,12.75,20.2
5/29/12,Crickitt Bay,CB,A,1118,1,13.2,-,13.4,20.2,-,20.3,1,13.3,20.25
5/29/12,Crickitt Bay,CB,A,1118,2,13.3,13.5,-,20.1,20.4,-,-,13.4,20.25
5/23/12,Dodger Channel,DC,A,956,1,11.4,-,11.4,29.1,-,11.4,1.5,11.4,20.25
7/13/12,Ellis Island,EI,B,1215,1,18.5,14.7,14.2,15.6,22.6,22.7,3,15.8,20.3
6/2/12,Boyson Islands,BI,A,1456,3,14.3,13.8,13.6,18.2,19,23.8,3,13.9,20.33333333
6/2/12,Boyson Islands,BI,A,1456,2,14.1,13.9,13.6,18.3,18.9,23.9,3,13.86666667,20.36666667
7/2/12,Ellis Island,EI,B,1320,3,19.8,21.3,21,18.9,21,21.2,4,20.7,20.36666667
8/16/12,Fishfarm Cove,NB,C,1127,1,20.3,18.9,15.7,19.8,19.8,21.6,3,18.3,20.4
6/9/12,Weasel Cove,WC,A,1240,1,13.7,-,12.8,16.2,-,24.7,1.5,13.25,20.45
7/2/12,Wizard Island,WI,B,1113,3,16.8,17.2,15.5,17.1,19.4,25,4,16.5,20.5
7/2/12,Fishfarm Cove,NB,B,1300,1,18.5,18.2,18.4,17.8,21.8,22,3.5,18.36666667,20.53333333
6/30/12,Wizard Island,WI,B,1742,2,18.1,17.4,17.1,18.8,21,21.8,3.5,17.53333333,20.53333333
7/2/12,Ellis Island,EI,B,1320,1,19,21.2,19.5,18.8,20.9,22.1,3.5,19.9,20.6
7/2/12,Robber's Passage,RP,B,1145,3,18.5,18.5,17.9,17.8,20.9,23.1,3.5,18.3,20.6
5/27/12,Crickitt Bay,CB,A,1159,3,14.2,14.7,14.3,14.9,22.7,24.3,-,14.4,20.63333333
5/7/12,Bald Eagle Cove,BE,A,954,-,11.6,11.4,10.5,17.4,18.2,26.4,3,11.16666667,20.66666667
5/29/12,Weasel Cove,WC,A,1015,2,12.9,13.1,-,20.7,20.7,-,-,13,20.7
5/29/12,Weasel Cove,WC,A,1015,1,12.9,13.1,-,20.6,20.9,-,-,13,20.75
5/29/12,Boyson Islands,BI,A,1050,1,13.5,-,14,19.3,-,22.5,1.5,13.75,20.9
6/8/12,Crickitt Bay,CB,A,927,1,12,-,12.3,19.4,-,22.4,1,12.15,20.9
7/2/12,Ellis Island,EI,B,1320,2,19.8,19.3,19.5,18.9,21.7,22.1,3.5,19.53333333,20.9
7/2/12,Weasel Cove,WC,B,1135,3,18.8,18.5,19.6,18.7,21.3,22.7,4,18.96666667,20.9
6/15/12,Bald Eagle Cove,BE,A,1256,1,13.8,13.7,-,20.7,21.3,-,-,13.75,21
6/2/12,Crickitt Bay,CB,A,1522,3,14.9,14.6,12.9,16.3,17.8,28.9,4,14.13333333,21
5/27/12,Weasel Cove,WC,A,1042,1,14,-,14,20.4,-,21.6,1.5,14,21
5/23/12,Ellis Island,EI,A,1214,3,12.5,12.7,12.7,21.1,21,21,3,12.63333333,21.03333333
6/18/12,San Mateo Bay,SMB,B,1445,3,14.4,13.8,13.3,14.9,22.9,25.3,3.5,13.83333333,21.03333333
8/16/12,Ellis Island,EI,C,1152,3,15.8,15.1,14.8,21.1,21.1,21,4,15.23333333,21.06666667
6/30/12,Wizard Island,WI,B,1742,3,18,17.3,15.8,19.1,21.3,23,4,17.03333333,21.13333333
5/29/12,Boyson Islands,BI,A,1050,2,14.2,14,-,18.3,24,-,-,14.1,21.15
5/23/12,Ellis Island,EI,A,1214,2,12.4,12.7,12.8,21,21,21.5,3,12.63333333,21.16666667
6/23/12,Wizard Island,WI,B,1030,1,15,-,14.8,20.8,-,21.7,1.5,14.9,21.25
5/29/12,Boyson Islands,BI,A,1050,3,14,14.1,-,19.2,23.4,-,-,14.05,21.3
5/7/12,Robber's Cove,RP,A,1356,-,13.6,12.3,11.7,17,22.5,24.4,3,12.53333333,21.3
6/3/12,Crickitt Bay,CB,A,715,1,12.8,-,12.9,21.2,-,21.5,1,12.85,21.35
5/21/12,Fishfarm Cove,NB,A,1055,2,13.5,13.2,-,17.8,24.9,-,-,13.35,21.35
7/13/12,Dodger Channel,DC,B,1000,1,16.7,15.1,14.2,19.6,22,22.5,3,15.33333333,21.36666667
5/23/12,Ellis Island,EI,A,1214,1,12.5,12.7,12.6,21,21,22.1,3,12.6,21.36666667
6/18/12,Crickitt Bay,CB,B,1455,3,14.7,13.6,12.9,15.2,22.1,27,4,13.73333333,21.43333333
8/16/12,Ellis Island,EI,C,1152,2,15.8,15.4,14.9,21.5,21.5,21.4,3,15.36666667,21.46666667
5/7/12,Bald Eagle Cove,BE,A,954,-,11.8,11.5,10.6,17.4,21.5,25.8,3,11.3,21.56666667
6/3/12,Crickitt Bay,CB,A,715,2,12.9,13,-,21.5,21.7,-,-,12.95,21.6
6/9/12,San Mateo Bay,SMB,A,1340,3,14.8,13.2,12.5,13.8,22.8,28.2,3,13.5,21.6
7/2/12,Bald Eagle Cove,BE,B,1122,1,17.6,17.9,17.1,19.4,21.3,24.2,3,17.53333333,21.63333333
7/2/12,Weasel Cove,WC,B,1135,1,17.8,17.7,16.8,19.4,21.3,24.2,3,17.43333333,21.63333333
5/8/12,Bald Eagle Cove,BE,A,1055,3,12.1,11.6,11.1,18,22.2,24.8,3,11.6,21.66666667
8/16/12,Ellis Island,EI,C,1152,1,16,15.1,15,21.6,21.7,21.7,3,15.36666667,21.66666667
5/21/12,Fishfarm Cove,NB,A,1055,1,13.6,12.8,-,17.6,25.8,-,-,13.2,21.7
6/9/12,Wizard Island,WI,A,1220,2,13.3,13,-,19.3,24.1,-,-,13.15,21.7
6/2/12,San Mateo Bay,SMB,A,1511,3,15.1,13.9,13,17.2,21.5,26.5,3,14,21.73333333
6/3/12,Crickitt Bay,CB,A,715,3,13,13.1,13.3,21.5,21.7,22.1,3,13.13333333,21.76666667
7/2/12,Weasel Cove,WC,B,1135,2,18.3,18,16.8,19.7,21.5,24.4,3.5,17.7,21.86666667
7/13/12,Dodger Channel,DC,B,1000,3,16.6,15.1,14.4,20.3,22.5,22.9,3.5,15.36666667,21.9
5/27/12,Weasel Cove,WC,A,1042,2,14.1,14,-,20.4,23.5,-,-,14.05,21.95
5/8/12,Robber's Passage,RP,A,1302,1,12.5,12,11.6,19.5,22.6,23.8,3,12.03333333,21.96666667
7/13/12,Dodger Channel,DC,B,1000,2,16.4,15.1,14.5,20.9,22.4,22.7,3,15.33333333,22
5/7/12,Robber's Cove,RP,A,1356,-,13.8,12.3,8.1,17.1,22.2,26.8,3.5,11.4,22.03333333
5/8/12,Robber's Passage,RP,A,1302,2,12.6,11.9,11.6,19.8,22.5,23.8,3,12.03333333,22.03333333
5/29/12,Wizard Island,WI,A,955,2,12.9,13.2,-,21.8,22.5,-,-,13.05,22.15
6/9/12,Crickitt Bay,CB,A,1350,3,14,12.7,12.5,13.8,25.9,26.9,3,13.06666667,22.2
5/7/12,Weasel Cove,WC,A,1010,-,11.7,10.9,10.3,15.2,24.4,27,3.5,10.96666667,22.2
5/25/12,Wizard Island,WI,A,1101,3,13.6,13.5,12,18.5,19,29.2,3.5,13.03333333,22.23333333
5/29/12,Wizard Island,WI,A,955,1,13,13.1,-,22,22.5,-,-,13.05,22.25
5/8/12,Wizard Island,WI,A,1045,3,12.1,10.5,-,17.8,26.9,-,-,11.3,22.35
6/9/12,Ellis Island,EI,A,1420,3,14.7,14.3,14.4,20.3,23.3,23.6,3,14.46666667,22.4
5/7/12,Robber's Cove,RP,A,1356,-,13.6,12.3,10.6,17.7,22,27.6,4,12.16666667,22.43333333
5/23/12,Bald Eagle Cove,BE,A,1025,1,12.3,11.9,-,20.4,24.5,-,-,12.1,22.45
6/23/12,Wizard Island,WI,B,1030,2,15,14.2,-,20.9,24,-,-,14.6,22.45
7/17/12,Dodger Channel,DC,B,1055,2,15.4,14.9,14.6,21.9,22.7,22.9,3,14.96666667,22.5
5/8/12,Robber's Passage,RP,A,1302,3,12.1,11.9,11.7,21.1,22.8,23.7,3,11.9,22.53333333
7/17/12,Dodger Channel,DC,B,1055,3,15.6,14.8,14.4,22,22.8,22.9,3.5,14.93333333,22.56666667
7/17/12,Dodger Channel,DC,B,1055,1,15.5,14.9,13.1,21.7,22.7,23.4,3.5,14.5,22.6
5/29/12,Wizard Island,WI,A,955,3,13.1,13.3,13.2,21.8,22.5,23.5,3,13.2,22.6
5/21/12,Boyson Islands,BI,A,1136,2,12.8,12.2,10.9,13.2,24.5,30.2,-,11.96666667,22.63333333
6/4/12,Fishfarm Cove,NB,A,920,2,13.3,-,13.7,22.3,-,23,1.5,13.5,22.65
5/21/12,Boyson Islands,BI,A,1136,3,12.7,12.8,11.1,13.2,24.8,30.2,-,12.2,22.73333333
5/23/12,Weasel Cove,WC,A,1033,2,12.5,12.4,-,20.7,24.8,-,-,12.45,22.75
6/4/12,Fishfarm Cove,NB,A,920,3,13.5,13.6,-,21.4,24.2,-,-,13.55,22.8
5/26/12,Robber's Passage,RP,A,1610,3,17.2,13.8,13.1,16.5,25,27,4,14.7,22.83333333
6/9/12,Robber's Passage,RP,A,1245,3,13.7,12.7,-,18.8,27.2,-,-,13.2,23
6/9/12,Bald Eagle Cove,BE,A,1230,1,14.2,12.1,-,18.5,27.6,-,-,13.15,23.05
6/9/12,Ellis Island,EI,A,1420,2,14.4,14.4,-,23.1,23.1,-,-,14.4,23.1
5/29/12,Robber's Passage,RP,A,1020,1,13,13.3,-,23,23.2,-,-,13.15,23.1
5/21/12,Robber's Passage,RP,A,1032,3,12.5,12.4,11.3,14.4,25.7,29.3,3.5,12.06666667,23.13333333
5/29/12,Robber's Passage,RP,A,1020,3,13.2,13.4,-,22.9,23.4,-,-,13.3,23.15
5/22/12,Robber's Passage,RP,A,1105,2,12,11.9,-,22.5,23.9,-,-,11.95,23.2
5/22/12,Robber's Passage,RP,A,1105,3,12,11.9,-,22.6,23.8,-,-,11.95,23.2
5/29/12,Robber's Passage,RP,A,1020,2,13.1,13.3,-,23,23.4,-,-,13.2,23.2
5/31/12,Wizard Island,WI,A,1500,3,13.2,12.7,12.2,16.6,23.6,29.4,3,12.7,23.2
5/23/12,Weasel Cove,WC,A,1033,1,12.4,12.3,-,22.3,24.2,-,-,12.35,23.25
5/23/12,Robber's Passage,RP,A,1040,2,12.3,12.2,-,21.2,25.4,-,-,12.25,23.3
5/29/12,Crickitt Bay,CB,A,1118,3,13.3,13.5,12.3,20,20.5,29.6,3.5,13.03333333,23.36666667
5/8/12,Weasel Cove,WC,A,1110,3,12.2,11,10.1,16.1,25.5,28.5,3,11.1,23.36666667
5/25/12,Bald Eagle Cove,BE,A,1111,3,12,12.9,11.4,19.5,20.2,30.5,4,12.1,23.4
5/21/12,San Mateo Bay,SMB,A,1256,2,13.1,11.6,11,10.4,29.4,30.4,3,11.9,23.4
6/4/12,Fishfarm Cove,NB,A,920,1,13.7,13.7,13.6,21.4,24,24.9,3,13.66666667,23.43333333
5/21/12,Robber's Passage,RP,A,1032,2,12.5,12.1,11.5,14.5,27,28.8,3,12.03333333,23.43333333
5/21/12,San Mateo Bay,SMB,A,1256,3,13.1,11.7,10.2,10.3,29,31,4,11.66666667,23.43333333
5/25/12,Bald Eagle Cove,BE,A,1111,2,13,12.8,11.5,19.4,20.8,30.2,3.5,12.43333333,23.46666667
5/21/12,Robber's Passage,RP,A,1032,1,12.6,12,11.3,14.3,27.1,29.1,3.5,11.96666667,23.5
5/23/12,Robber's Passage,RP,A,1040,3,12.3,12.2,-,21.3,25.8,-,-,12.25,23.55
6/9/12,Ellis Island,EI,A,1420,1,14.3,14.2,14.1,23.1,23.7,24,3,14.2,23.6
6/18/12,Eillis Island,EI,B,1533,2,14.3,14.3,14.4,23.7,23.6,23.6,3.5,14.33333333,23.63333333
6/18/12,Eillis Island,EI,B,1533,3,14.9,14.4,14.6,23.7,23.6,23.6,3.5,14.63333333,23.63333333
5/29/12,Weasel Cove,WC,A,1015,3,13,13.1,12,20.2,20.6,30.1,3.5,12.7,23.63333333
5/23/12,Robber's Passage,RP,A,1040,1,12.3,12.1,-,21.3,26,-,-,12.2,23.65
6/18/12,Eillis Island,EI,B,1533,1,14.4,14.3,14.3,23.6,23.7,23.7,3,14.33333333,23.66666667
5/21/12,Wizard Island,WI,A,958,2,12.8,12.2,11.8,16.6,26,28.7,3,12.26666667,23.76666667
5/27/12,Robber's Passage,RP,A,1052,3,14.1,13.7,-,22.3,25.3,-,-,13.9,23.8
5/21/12,Wizard Island,WI,A,958,3,12.8,12.3,11.3,16.1,25.2,30.2,3,12.13333333,23.83333333
6/2/12,Ellis Island,EI,A,1600,1,15,14.4,-,23.6,24.1,-,-,14.7,23.85
6/2/12,Ellis Island,EI,A,1600,2,14.4,14.5,-,23.8,23.9,-,-,14.45,23.85
5/27/12,Wizard Island,WI,A,1019,2,13.5,13.4,-,23.6,24.2,-,-,13.45,23.9
6/14/12,Wizard Island,WI,A,1430,1,13,12.5,-,17.7,30.1,-,-,12.75,23.9
7/2/12,Dodger Channel,DC,B,1053,2,16.4,15.2,-,23,25,-,-,15.8,24
5/20/12,Fishfarm Cove,NB,A,1515,1,13.6,13.8,11,17.3,23.9,30.8,3.5,12.8,24
6/6/12,Robber's Passage,RP,A,910,1,12.8,12.7,-,24,24.2,-,-,12.75,24.1
6/6/12,Robber's Passage,RP,A,910,3,12.7,-,12.7,24.1,-,24.2,1.5,12.7,24.15
5/29/12,Bald Eagle Cove,BE,A,1002,1,12.5,12.8,12.6,23,23.6,26,3,12.63333333,24.2
6/6/12,Robber's Passage,RP,A,910,2,12.6,-,12.7,24.2,-,24.2,1.5,12.65,24.2
5/27/12,Wizard Island,WI,A,1019,3,13.6,13.6,13.2,23.5,23.5,25.7,3,13.46666667,24.23333333
5/27/12,Robber's Passage,RP,A,1052,1,14,13.4,-,22.2,26.3,-,-,13.7,24.25
5/9/12,Weasel Cove,WC,A,1028,1,11.1,-,11.1,23.8,-,24.7,0.5,11.1,24.25
5/9/12,Weasel Cove,WC,A,1028,2,11,11,-,23.1,25.4,-,-,11,24.25
5/27/12,Robber's Passage,RP,A,1052,2,14.1,13.5,-,22.2,26.5,-,-,13.8,24.35
5/1/12,Wizard Island,WI,A,1056,-,9.7,9.8,-,24.3,24.4,-,-,9.75,24.35
6/8/12,Crickitt Bay,CB,A,927,2,12.2,11.6,-,20,28.8,-,-,11.9,24.4
5/27/12,Bald Eagle Cove,BE,A,1029,1,13.4,13.1,-,23.8,25.1,-,-,13.25,24.45
6/2/12,Robber's Passage,RP,A,1432,3,14.6,13.1,-,22.6,26.3,-,-,13.85,24.45
5/21/12,Bald Eagle Cove,BE,A,1015,3,12.8,12,10.4,15.1,27.1,31.3,4,11.73333333,24.5
7/2/12,Dodger Channel,DC,B,1053,3,16.5,14.8,15,23,25.3,25.2,3,15.43333333,24.5
5/20/12,Fishfarm Cove,NB,A,1515,2,13.6,13.3,11.8,17.8,25.4,30.3,3,12.9,24.5
7/2/12,Dodger Channel,DC,B,1053,1,16.7,14.5,13.5,22.5,25.2,26,3.5,14.9,24.56666667
5/9/12,Robber's Passage,RP,A,1045,1,11.2,11,-,24.3,24.9,-,-,11.1,24.6
5/21/12,Bald Eagle Cove,BE,A,1015,2,12.8,11.8,10.5,15.2,27.6,31.1,3.5,11.7,24.63333333
5/27/12,Bald Eagle Cove,BE,A,1029,2,13.3,13.3,12.9,23.9,24.1,25.9,4,13.16666667,24.63333333
5/9/12,Robber's Passage,RP,A,1045,3,11.2,11.1,-,24.4,24.9,-,-,11.15,24.65
5/22/12,Robber's Passage,RP,A,1105,1,12.2,12,11.9,22.4,24,27.6,3,12.03333333,24.66666667
6/9/12,Robber's Passage,RP,A,1245,2,13.6,12.6,12.2,18.6,26.9,28.5,3,12.8,24.66666667
5/27/12,Weasel Cove,WC,A,1042,3,14.1,14,12.3,20.5,23.7,29.8,4,13.46666667,24.66666667
6/11/12,Robber's Passage,RP,A,1526,2,15.2,13.1,-,22,27.4,-,-,14.15,24.7
6/15/12,Bald Eagle Cove,BE,A,1256,2,13.6,13.5,11.4,20.9,22.2,31.1,3,12.83333333,24.73333333
5/19/12,Wizard Island,WI,A,1525,1,14.5,13.5,-,22.7,26.8,-,-,14,24.75
5/9/12,Robber's Passage,RP,A,1045,2,11.3,11.2,11.1,24.2,25,25.1,3,11.2,24.76666667
5/26/12,Robber's Passage,RP,A,1610,2,17.1,13.8,12.3,19.5,25,29.8,4.5,14.4,24.76666667
6/11/12,Robber's Passage,RP,A,1526,3,15.2,13.1,-,22.1,27.5,-,-,14.15,24.8
5/9/12,Weasel Cove,WC,A,1028,3,11.1,11,10.9,23.1,25.5,25.8,3.5,11,24.8
5/23/12,Bald Eagle Cove,BE,A,1025,2,12.3,11.9,11.4,20.4,24.9,29.4,3,11.86666667,24.9
5/29/12,Ellis Island,EI,A,1150,2,12.6,-,13.2,23.1,-,26.7,1.5,12.9,24.9
5/29/12,Fishfarm Cove,NB,A,1130,2,12.6,-,13.2,23.1,-,26.7,1.5,12.9,24.9
6/15/12,Bald Eagle Cove,BE,A,1256,3,13.6,13.3,10.5,20.9,22.1,31.8,4,12.46666667,24.93333333
6/9/12,Weasel Cove,WC,A,1240,3,13.7,12.6,10.8,16.8,27.2,31,4,12.36666667,25
5/20/12,Wizard Island,WI,A,1141,2,13,12.6,11.2,16.9,27.3,30.9,3,12.26666667,25.03333333
5/20/12,Wizard Island,WI,A,1141,3,13.2,12.9,10.9,17.2,26.9,31.1,4,12.33333333,25.06666667
5/7/12,Dodger Channel,DC,A,924,-,11.5,11.4,-,24.9,25.3,-,-,11.45,25.1
6/18/12,Robber's Passage,RP,B,1348,2,14.5,13.4,13.3,22.9,25.5,26.9,3.5,13.73333333,25.1
6/2/12,Weasel Cove,WC,A,1422,1,14.4,12.8,-,22.4,27.8,-,-,13.6,25.1
5/29/12,Ellis Island,EI,A,1150,3,12.6,13,-,23.3,27,-,-,12.8,25.15
5/29/12,Fishfarm Cove,NB,A,1130,3,12.6,13,-,23.3,27,-,-,12.8,25.15
5/20/12,Robber's Passage,RP,A,1420,1,13.2,12.4,11.5,17.5,28,30,3.5,12.36666667,25.16666667
6/23/12,Wizard Island,WI,B,1030,3,14.9,14,12.4,20.9,25,29.6,3,13.76666667,25.16666667
5/9/12,Bald Eagle Cove,BE,A,1017,1,10.6,-,10.8,25,-,25.6,1,10.7,25.3
5/29/12,Ellis Island,EI,A,1150,1,12.4,13.1,-,23.8,26.8,-,-,12.75,25.3
5/29/12,Fishfarm Cove,NB,A,1130,1,12.4,13.1,-,23.8,26.8,-,-,12.75,25.3
5/20/12,Robber's Passage,RP,A,1420,2,13,12.4,11.2,17.9,27.8,30.2,3.5,12.2,25.3
6/9/12,Robber's Passage,RP,A,1245,1,13.6,12.4,11.8,18.6,27.9,29.4,3,12.6,25.3
5/27/12,Wizard Island,WI,A,1019,1,13.5,-,13,23.7,-,26.9,1.5,13.25,25.3
6/9/12,Weasel Cove,WC,A,1240,2,13.6,12.4,11.2,17.2,28.1,30.7,3,12.4,25.33333333
5/8/12,Dodger Channel,DC,A,1015,1,11.7,-,11.6,25.2,-,25.5,1.5,11.65,25.35
5/23/12,Bald Eagle Cove,BE,A,1025,4,12.3,12,11.1,20.4,25.1,30.6,4,11.8,25.36666667
6/9/12,Wizard Island,WI,A,1220,3,13.1,12.6,11.4,20.3,25,30.8,3,12.36666667,25.36666667
5/9/12,Bald Eagle Cove,BE,A,1017,2,10.7,10.7,-,24.9,26,-,-,10.7,25.45
5/8/12,Dodger Channel,DC,A,1015,2,11.4,-,11.3,25.2,-,25.7,1.5,11.35,25.45
5/23/12,Wizard Island,WI,A,1015,1,11.8,11.8,-,24.1,26.8,-,-,11.8,25.45
5/7/12,Dodger Channel,DC,A,924,-,11.2,11.2,-,25.3,25.8,-,-,11.2,25.55
6/9/12,Bald Eagle Cove,BE,A,1230,2,13.9,12.1,11.4,18.3,28.2,30.2,3.5,12.46666667,25.56666667
5/9/12,Bald Eagle Cove,BE,A,1017,3,10.7,10.7,10.6,24.9,25.6,26.3,3,10.66666667,25.6
5/8/12,Dodger Channel,DC,A,1015,3,11.5,-,11.5,25.5,-,25.7,1,11.5,25.6
6/11/12,Robber's Passage,RP,A,1526,1,14.6,13.6,12.6,22,26.6,28.2,3,13.6,25.6
5/23/12,Weasel Cove,WC,A,1033,3,12.5,12.2,11.4,21.6,25.5,29.7,3.5,12.03333333,25.6
5/9/12,Wizard Island,WI,A,1006,3,10.7,10.7,-,25.1,26.1,-,-,10.7,25.6
6/2/12,Ellis Island,EI,A,1600,3,14.3,14.5,12.8,23.8,23.8,29.4,3,13.86666667,25.66666667
5/23/12,Wizard Island,WI,A,1015,2,11.9,11.8,-,23.6,27.8,-,-,11.85,25.7
5/20/12,Robber's Passage,RP,A,1420,3,13.1,12.3,10.8,18,28.1,31.1,4,12.06666667,25.73333333
6/18/12,Robber's Passage,RP,B,1348,3,14.3,13.3,12.9,23.7,25.5,28.1,4,13.5,25.76666667
6/18/12,Robber's Passage,RP,B,1348,1,14.5,13.3,12.6,23.4,25.7,28.3,4,13.46666667,25.8
5/29/12,Bald Eagle Cove,BE,A,1002,2,12.8,12.8,11.6,22.8,24.4,30.3,4,12.4,25.83333333
6/9/12,Bald Eagle Cove,BE,A,1230,3,14,12.2,10.7,18.2,28.2,31.1,4,12.3,25.83333333
6/18/12,Bald Eagle Cove,BE,B,1330,2,14.2,13.2,12.8,25,26.1,26.4,4,13.4,25.83333333
5/19/12,Wizard Island,WI,A,1525,2,14.3,13.2,13.1,22.8,27.3,27.4,3,13.53333333,25.83333333
5/27/12,Ellis Island,EI,A,1233,1,13.5,-,13.6,24.9,-,26.8,1.5,13.55,25.85
5/27/12,Ellis Island,EI,A,1233,2,13.6,-,13.7,25.1,-,26.6,1.5,13.65,25.85
6/18/12,Bald Eagle Cove,BE,B,1330,1,14.2,13.1,12.9,24.9,26.2,26.5,3.5,13.4,25.86666667
5/26/12,Robber's Passage,RP,A,1610,1,14.5,13.8,12.3,23,25,29.7,4.5,13.53333333,25.9
6/18/12,Weasel Cove,WC,B,1340,1,14.3,13.2,12.7,23.5,26.5,27.7,3,13.4,25.9
5/9/12,Wizard Island,WI,A,1006,2,10.7,10.7,-,25.1,26.7,-,-,10.7,25.9
6/18/12,Bald Eagle Cove,BE,B,1330,3,14.3,13.1,12.8,24.8,26.3,26.9,4,13.4,26
5/9/12,Dodger Channel,DC,A,946,1,10.6,10.6,10.6,25.5,26.1,26.4,3,10.6,26
5/29/12,Bald Eagle Cove,BE,A,1002,3,12.8,12.7,11.3,22.9,24.4,30.9,4.5,12.26666667,26.06666667
5/7/12,Dodger Channel,DC,A,924,-,11.2,11.1,11,25.3,26.2,26.8,3,11.1,26.1
5/27/12,Bald Eagle Cove,BE,A,1029,3,13.3,13.4,11.2,23.6,23.9,30.9,4.5,12.63333333,26.13333333
6/2/12,Robber's Passage,RP,A,1432,1,14,13.1,12.8,23.5,26.6,28.5,3,13.3,26.2
5/19/12,Wizard Island,WI,A,1525,3,14.2,13.2,12.3,23,27.4,28.2,4,13.23333333,26.2
6/8/12,Crickitt Bay,CB,A,927,3,12.3,11.4,11.2,20.1,28.9,29.9,3,11.63333333,26.3
6/2/12,Weasel Cove,WC,A,1422,2,14.3,12.8,12.3,22.2,27.8,29.2,3,13.13333333,26.4
6/2/12,Weasel Cove,WC,A,1422,3,14,12.6,12.1,22.3,27.7,29.3,4,12.9,26.43333333
5/9/12,Wizard Island,WI,A,1006,1,10.6,-,10.8,25.9,-,27,0.5,10.7,26.45
5/9/12,Dodger Channel,DC,A,946,2,10.8,-,10.7,26.4,-,26.6,1,10.75,26.5
5/9/12,Dodger Channel,DC,A,946,3,10.7,-,10.7,26.5,-,26.7,1,10.7,26.6
6/2/12,Robber's Passage,RP,A,1432,2,14.2,12.9,12.2,23.4,26.6,29.9,4,13.1,26.63333333
5/28/12,Dodger Channel,DC,A,1441,2,13.1,12.8,-,25.3,28,-,-,12.95,26.65
6/5/12,Dodger Channel,DC,A,1510,1,15.3,13.5,-,26.1,27.2,-,-,14.4,26.65
5/27/12,Ellis Island,EI,A,1233,3,13.5,13.2,-,25.5,27.9,-,-,13.35,26.7
6/18/12,Weasel Cove,WC,B,1340,3,14.1,12.7,12.2,24.3,27.2,28.9,4,13,26.8
6/18/12,Weasel Cove,WC,B,1340,2,13.7,13,12.3,25.2,27,28.5,3.5,13,26.9
5/23/12,Wizard Island,WI,A,1015,3,11.9,11.8,11.6,23.9,27.9,29.1,3.5,11.76666667,26.96666667
5/28/12,Dodger Channel,DC,A,1441,1,13.5,12.5,11.9,24.1,27.2,30,3.5,12.63333333,27.1
6/2/12,Wizard Island,WI,A,1400,1,13.6,12.4,-,25.6,28.7,-,-,13,27.15
6/18/12,Wizard Island,WI,B,1322,1,13.3,13.1,13,27,27.3,27.4,3.5,13.13333333,27.23333333
6/2/12,Bald Eagle Cove,BE,A,1412,1,13.6,12.6,12.2,25,27.4,29.4,3.5,12.8,27.26666667
6/18/12,Wizard Island,WI,B,1322,2,13.2,13,12.9,27.1,27.4,27.7,3.5,13.03333333,27.4
5/1/12,"Dodger Channel, Diana Island ",DC,A,950,-,9.7,9.9,-,27.3,27.7,-,-,9.8,27.5
5/25/12,Dodger Channel,DC,A,1040,3,12.3,12.3,-,26.7,28.5,-,-,12.3,27.6
5/1/12,"Shallow Bay, Diana Island",SB,A,1009,-,9.9,-,10,27.5,-,27.8,1.5,9.95,27.65
6/5/12,Dodger Channel,DC,A,1510,2,13.8,13.3,12.5,27.1,27.5,28.4,3.5,13.2,27.66666667
5/28/12,Dodger Channel,DC,A,1441,3,13.1,12.6,12.3,26.1,28.4,28.8,3,12.66666667,27.76666667
5/10/12,Dodger Channel,DC,A,930,1,10.6,-,10.4,27.8,-,28,1.5,10.5,27.9
6/18/12,Wizard Island,WI,B,1322,3,13.2,13,12.4,27.2,27.4,29.1,4,12.86666667,27.9
6/5/12,Dodger Channel,DC,A,1510,3,13.6,13,12.5,27.2,27.7,28.9,3.5,13.03333333,27.93333333
5/29/12,Dodger Channel,DC,A,940,3,12.2,12.3,-,26.8,29.1,-,-,12.25,27.95
6/2/12,Bald Eagle Cove,BE,A,1412,3,13.4,12.5,11.4,25.5,27.8,30.6,4.5,12.43333333,27.96666667
6/2/12,Bald Eagle Cove,BE,A,1412,2,13.3,12.6,11.7,25.7,27.8,30.5,4,12.53333333,28
5/29/12,Dodger Channel,DC,A,940,2,12.2,12.2,-,26.7,29.3,-,-,12.2,28
5/10/12,Dodger Channel,DC,A,930,2,10.7,-,10.5,28,-,28.1,1,10.6,28.05
6/9/12,Dodger Channel,DC,A,1205,1,12.8,12.4,-,27.4,28.7,-,-,12.6,28.05
5/10/12,Dodger Channel,DC,A,930,3,10.3,-,10.4,28,-,28.2,1,10.35,28.1
6/2/12,Wizard Island,WI,A,1400,2,13.3,12.2,12.2,26,29.2,29.2,3,12.56666667,28.13333333
6/13/12,Wizard Island,WI,A,1243,1,13.4,12.2,-,27,29.3,-,-,12.8,28.15
5/25/12,Dodger Channel,DC,A,1040,2,12.7,12.3,12.2,27.5,28.3,28.8,3,12.4,28.2
6/2/12,Dodger Channel,DC,A,1345,1,13,12.7,-,28.1,28.6,-,-,12.85,28.35
5/25/12,Dodger Channel,DC,A,1040,1,12.5,12.1,11.9,27,28.1,30.1,3,12.16666667,28.4
6/7/12,Ellis Island,EI,A,900,2,11.9,-,12,28.4,-,28.4,1.5,11.95,28.4
6/2/12,Wizard Island,WI,A,1400,3,13.2,12.2,11.8,26.2,29.3,29.9,3.5,12.4,28.46666667
6/7/12,Ellis Island,EI,A,900,1,11.7,11.8,-,27.9,29.1,-,-,11.75,28.5
6/9/12,Dodger Channel,DC,A,1205,3,12.5,-,12.4,28,-,29.1,1.5,12.45,28.55
6/7/12,Ellis Island,EI,A,900,3,11.9,11.9,-,28.3,28.8,-,-,11.9,28.55
6/9/12,Dodger Channel,DC,A,1205,2,12.8,-,12.6,28.5,-,28.9,1.5,12.7,28.7
5/20/12,Dodger Channel,DC,A,1119,2,12.4,11.5,11.1,25.9,30.4,30.8,3,11.66666667,29.03333333
5/23/12,Dodger Channel,DC,A,956,3,11.2,-,11.3,28.8,-,29.4,1.5,11.25,29.1
5/29/12,Dodger Channel,DC,A,940,1,12.3,11.9,11.1,26.8,29.7,30.9,4,11.76666667,29.13333333
5/20/12,Dodger Channel,DC,A,1119,1,12.4,11.7,10.7,26.1,30.3,31.1,3,11.6,29.16666667
5/22/12,Ellis Island,EI,A,1346,1,11.8,11.4,11.3,28.2,29.6,29.9,3.5,11.5,29.23333333
5/23/12,Dodger Channel,DC,A,956,2,11.2,-,11.3,29,-,29.5,1.5,11.25,29.25
5/27/12,Dodger Channel,DC,A,1005,1,12.5,12.3,-,29.2,29.3,-,-,12.4,29.25
5/22/12,Ellis Island,EI,A,1346,2,11.6,11.3,11.2,28.4,29.7,29.8,3,11.36666667,29.3
6/2/12,Dodger Channel,DC,A,1345,2,13.3,12.6,12.2,29,29.5,29.7,3,12.7,29.4
5/27/12,Dodger Channel,DC,A,1005,2,12.4,12.4,-,29.1,29.9,-,-,12.4,29.5
5/20/12,Dodger Channel,DC,A,1119,3,11.9,11.3,10.9,27.1,30.6,30.9,3,11.36666667,29.53333333
5/27/12,Dodger Channel,DC,A,1005,3,12,-,12.3,29.1,-,30,1.5,12.15,29.55
6/2/12,Dodger Channel,DC,A,1345,3,12.9,12.5,11.7,29.2,29.6,29.9,3,12.36666667,29.56666667
5/22/12,Ellis Island,EI,A,1346,3,11.5,11.2,11.1,28.5,30.1,30.4,3.5,11.26666667,29.66666667
6/13/12,Bald Eagle Cove,BE,A,1255,1,13,12.3,11.9,29.3,29.8,30.1,3,12.4,29.73333333
6/14/12,Bald Eagle Cove,BE,A,1445,1,13.1,12.3,-,29.7,29.9,-,-,12.7,29.8
6/18/12,Dodger Channel,DC,B,1300,1,14.4,12.4,12,29.7,29.8,30.3,4,12.93333333,29.93333333
6/13/12,Wizard Island,WI,A,1243,2,12.8,11.8,11.6,29.6,29.9,30.3,3,12.06666667,29.93333333
6/13/12,Bald Eagle Cove,BE,A,1255,2,12.8,12.1,11.6,29.4,30,30.5,4,12.16666667,29.96666667
6/14/12,Bald Eagle Cove,BE,A,1445,2,12.9,12.2,11.9,29.7,29.9,30.3,3.5,12.33333333,29.96666667
6/14/12,Bald Eagle Cove,BE,A,1445,3,13,12.2,11.8,29.7,29.9,30.3,4,12.33333333,29.96666667
6/13/12,Wizard Island,WI,A,1243,3,12.6,12.5,11.1,29.5,29.5,30.9,4,12.06666667,29.96666667
6/13/12,Bald Eagle Cove,BE,A,1255,3,12.7,12.1,11.2,29.4,29.9,30.8,4,12,30.03333333
6/14/12,Wizard Island,WI,A,1430,2,13,12.3,-,29.9,30.3,-,-,12.65,30.1
6/14/12,Wizard Island,WI,A,1430,3,12.4,12,12,30,30.1,30.4,3,12.13333333,30.16666667
5/19/12,Dodger Channel,DC,A,1130,1,12.4,11.4,-,29.6,31,-,-,11.9,30.3
6/18/12,Dodger Channel,DC,B,1300,2,12.8,12.2,12.1,30.3,30.3,30.4,3,12.36666667,30.33333333
6/18/12,Dodger Channel,DC,B,1300,3,12.6,12,11.9,30.3,30.3,30.4,3.5,12.16666667,30.33333333
5/19/12,Dodger Channel,DC,A,1130,2,12.1,11.1,10.2,29.8,31.3,31.8,3,11.13333333,30.96666667
5/19/12,Dodger Channel,DC,A,1130,3,11.9,10.9,9.5,29.7,31.3,32.3,3.5,10.76666667,31.1
8/7/12,Robber's Passage,RP,C,1512,1,18.1,17.5,16.7,17.1,179,18.5,3.5,17.43333333,NA